/*
 Navicat Premium Data Transfer

 Source Server         : localhost_3306
 Source Server Type    : MySQL
 Source Server Version : 100422
 Source Host           : localhost:3306
 Source Schema         : farm

 Target Server Type    : MySQL
 Target Server Version : 100422
 File Encoding         : 65001

<<<<<<< HEAD
 Date: 11/07/2022 08:07:58
=======
 Date: 25/06/2022 00:26:02
>>>>>>> cdce64f821b0754a200067e5817d4b2c9fb7ecf8
*/

SET NAMES utf8mb4;
SET FOREIGN_KEY_CHECKS = 0;

-- ----------------------------
-- Table structure for _applicants
-- ----------------------------
DROP TABLE IF EXISTS `_applicants`;
CREATE TABLE `_applicants`  (
  `id` bigint(20) UNSIGNED NOT NULL AUTO_INCREMENT,
  `recruitment_id` bigint(20) UNSIGNED NOT NULL,
  `worker_id` bigint(20) UNSIGNED NOT NULL,
  `status` enum('waiting','approved','abandoned','rejected','fired','finished') CHARACTER SET utf8mb4 COLLATE utf8mb4_unicode_ci NOT NULL DEFAULT 'waiting',
  `worker_review` double(2, 1) NULL DEFAULT 0,
  `worker_evaluation` longtext CHARACTER SET utf8mb4 COLLATE utf8mb4_unicode_ci NULL,
  `recruitment_review` double(2, 1) NULL DEFAULT 0,
  `recruitment_evaluation` longtext CHARACTER SET utf8mb4 COLLATE utf8mb4_unicode_ci NULL,
  `apply_memo` longtext CHARACTER SET utf8mb4 COLLATE utf8mb4_unicode_ci NULL,
  `employ_memo` longtext CHARACTER SET utf8mb4 COLLATE utf8mb4_unicode_ci NULL,
  `created_at` timestamp(0) NULL DEFAULT NULL,
  `updated_at` timestamp(0) NULL DEFAULT NULL,
  PRIMARY KEY (`id`) USING BTREE
<<<<<<< HEAD
) ENGINE = InnoDB AUTO_INCREMENT = 82 CHARACTER SET = utf8mb4 COLLATE = utf8mb4_unicode_ci;
=======
) ENGINE = InnoDB AUTO_INCREMENT = 31 CHARACTER SET = utf8mb4 COLLATE = utf8mb4_unicode_ci;
>>>>>>> cdce64f821b0754a200067e5817d4b2c9fb7ecf8

-- ----------------------------
-- Records of _applicants
-- ----------------------------
BEGIN;
<<<<<<< HEAD
INSERT INTO `_applicants` VALUES (72, 138, 9, 'finished', 5.0, '炎天下の中頑張って作業してくださいました。また次回もよろしくお願いします。', 0.0, NULL, '丁寧に作業しますのでよろしくお願いします。', 'ご応募ありがとうございます。\r\n\r\nご提示いただいている条件は予算感として合っておりますので期待しております。\r\n具体的に依頼の内容は可能でしょうか？', '2022-07-06 22:43:25', '2022-07-07 14:23:10'), (73, 134, 5, 'abandoned', 0.0, NULL, NULL, '申し訳ありませんが、発熱のため辞退させて頂きます。', 'よろしくお願いします。', 'よろしくお願いします。', '2022-07-07 14:23:49', '2022-07-07 14:30:16'), (74, 139, 5, 'approved', 0.0, NULL, 0.0, NULL, 'エントリーさせていだきます。', NULL, '2022-07-07 14:26:39', '2022-07-07 14:29:49'), (75, 140, 5, 'approved', 0.0, NULL, 0.0, NULL, '作業したいです！よろしくお願いします。', '宜しくお願いします。', '2022-07-07 14:42:40', '2022-07-07 14:43:49'), (76, 141, 5, 'finished', 0.0, NULL, 5.0, '楽しく作業ができました。ありがとうございました。', NULL, NULL, '2022-07-07 14:52:45', '2022-07-07 15:09:04'), (77, 141, 9, 'finished', 5.0, '良い作業者です。', 3.0, 'ご指導頂き楽しく作業ができました。ありがとうございます。また参加させてください！', '宜しくお願いします。', NULL, '2022-07-07 14:57:02', '2022-07-07 15:06:54'), (79, 145, 9, 'abandoned', 0.0, NULL, NULL, 'because of headache, I will get out.', 'interest', 'ok', '2022-07-07 23:47:52', '2022-07-08 03:05:31'), (80, 145, 1, 'rejected', 0.0, NULL, NULL, NULL, 'hello', 'この度はお仕事にご応募いただきまして、誠にありがとうございました。<br>検討させていただいた結果、今回のご応募に関しましては<br>契約を見送りさせていただくこととなりました。<br><br>ご期待に応えることができず、大変申し訳ございません。<br>またの機会にお仕事へのご応募をお願いできますと幸いです。<br>今後とも何卒よろしくお願いいたします。', '2022-07-08 00:22:01', '2022-07-08 00:51:36'), (81, 142, 1, 'waiting', 0.0, NULL, 0.0, NULL, 'saf', NULL, '2022-07-11 01:23:17', '2022-07-11 01:23:17');
=======
INSERT INTO `_applicants` VALUES (22, 94, 1, 'approved', 0.0, NULL, 0.0, NULL, 'いちごの\r\nいちごの', NULL, '2022-06-22 01:01:31', '2022-06-23 22:11:06'), (29, 95, 1, 'approved', 5.0, 'you have done work very well.', NULL, NULL, 'hello, sir', 'key', '2022-06-22 19:37:18', '2022-06-24 01:25:36'), (30, 97, 1, 'finished', 5.0, 'you are well done', 5.0, 'thanks a lot, You are a good client.', 'Hello.\r\nI am so interested in this job.', 'okay, I will approve you.', '2022-06-24 08:39:36', '2022-06-24 08:42:05');
>>>>>>> cdce64f821b0754a200067e5817d4b2c9fb7ecf8
COMMIT;

-- ----------------------------
-- Table structure for _favourites
-- ----------------------------
DROP TABLE IF EXISTS `_favourites`;
CREATE TABLE `_favourites`  (
  `id` bigint(20) UNSIGNED NOT NULL AUTO_INCREMENT,
  `user_id` bigint(20) UNSIGNED NOT NULL,
  `favourite_id` bigint(20) UNSIGNED NOT NULL,
  `created_at` timestamp(0) NULL DEFAULT NULL,
  `updated_at` timestamp(0) NULL DEFAULT NULL,
  PRIMARY KEY (`id`) USING BTREE
<<<<<<< HEAD
) ENGINE = InnoDB AUTO_INCREMENT = 16 CHARACTER SET = utf8mb4 COLLATE = utf8mb4_unicode_ci;
=======
) ENGINE = InnoDB AUTO_INCREMENT = 9 CHARACTER SET = utf8mb4 COLLATE = utf8mb4_unicode_ci;
>>>>>>> cdce64f821b0754a200067e5817d4b2c9fb7ecf8

-- ----------------------------
-- Records of _favourites
-- ----------------------------
BEGIN;
<<<<<<< HEAD
INSERT INTO `_favourites` VALUES (13, 6, 9, '2022-07-06 14:47:05', '2022-07-06 14:47:05'), (15, 6, 5, '2022-07-10 22:27:43', '2022-07-10 22:27:43');
=======
INSERT INTO `_favourites` VALUES (8, 3, 1, '2022-06-22 19:37:57', '2022-06-22 19:37:57');
>>>>>>> cdce64f821b0754a200067e5817d4b2c9fb7ecf8
COMMIT;

-- ----------------------------
-- Table structure for _messages
-- ----------------------------
DROP TABLE IF EXISTS `_messages`;
CREATE TABLE `_messages`  (
  `id` int(10) UNSIGNED NOT NULL AUTO_INCREMENT,
  `recruitment_id` bigint(20) UNSIGNED NULL DEFAULT NULL,
  `sender_id` bigint(20) UNSIGNED NOT NULL,
  `receiver_id` bigint(20) UNSIGNED NOT NULL,
  `owner_id` bigint(20) UNSIGNED NOT NULL,
  `message_id` int(10) UNSIGNED NOT NULL,
  `message` text CHARACTER SET utf8mb4 COLLATE utf8mb4_unicode_ci NULL,
  `read` tinyint(1) NOT NULL DEFAULT 0,
  `created_at` timestamp(0) NULL DEFAULT NULL,
  `updated_at` timestamp(0) NULL DEFAULT NULL,
  PRIMARY KEY (`id`) USING BTREE
<<<<<<< HEAD
) ENGINE = InnoDB AUTO_INCREMENT = 509 CHARACTER SET = utf8mb4 COLLATE = utf8mb4_unicode_ci;
=======
) ENGINE = InnoDB AUTO_INCREMENT = 437 CHARACTER SET = utf8mb4 COLLATE = utf8mb4_unicode_ci;

-- ----------------------------
-- Records of _messages
-- ----------------------------
BEGIN;
INSERT INTO `_messages` VALUES (409, 0, 1, 3, 1, 14, '123888ppp', 1, '2022-06-22 05:37:03', '2022-06-22 05:38:34'), (410, 0, 1, 3, 3, 14, '123888ppp', 1, '2022-06-22 05:37:03', '2022-06-24 08:44:58'), (430, 94, 3, 1, 1, 15, 'hi', 1, '2022-06-22 11:08:16', '2022-06-24 00:44:12'), (431, 94, 3, 1, 3, 16, 'a', 0, '2022-06-23 23:27:11', '2022-06-23 23:27:11'), (432, 94, 3, 1, 1, 16, 'a', 1, '2022-06-23 23:27:11', '2022-06-24 00:44:12'), (433, 0, 3, 1, 3, 17, 'Hi.', 0, '2022-06-24 08:44:36', '2022-06-24 08:44:36'), (434, 0, 3, 1, 1, 17, 'Hi.', 1, '2022-06-24 08:44:36', '2022-06-24 08:44:43'), (435, 0, 1, 3, 1, 18, 'ok', 1, '2022-06-24 08:44:51', '2022-06-24 08:44:52'), (436, 0, 1, 3, 3, 18, 'ok', 1, '2022-06-24 08:44:51', '2022-06-24 08:44:58');
COMMIT;
>>>>>>> cdce64f821b0754a200067e5817d4b2c9fb7ecf8

-- ----------------------------
-- Table structure for _news
-- ----------------------------
DROP TABLE IF EXISTS `_news`;
CREATE TABLE `_news`  (
  `id` bigint(20) UNSIGNED NOT NULL AUTO_INCREMENT,
  `user_id` bigint(20) UNSIGNED NOT NULL,
  `type` longtext CHARACTER SET utf8mb4 COLLATE utf8mb4_unicode_ci NULL,
  `message` text CHARACTER SET utf8mb4 COLLATE utf8mb4_unicode_ci NULL,
  `link` varchar(191) CHARACTER SET utf8mb4 COLLATE utf8mb4_unicode_ci NOT NULL,
  `read` tinyint(1) NOT NULL DEFAULT 0,
  `created_at` timestamp(0) NULL DEFAULT NULL,
  `updated_at` timestamp(0) NULL DEFAULT NULL,
  PRIMARY KEY (`id`) USING BTREE
<<<<<<< HEAD
) ENGINE = InnoDB AUTO_INCREMENT = 302 CHARACTER SET = utf8mb4 COLLATE = utf8mb4_unicode_ci;
=======
) ENGINE = InnoDB AUTO_INCREMENT = 120 CHARACTER SET = utf8mb4 COLLATE = utf8mb4_unicode_ci;
>>>>>>> cdce64f821b0754a200067e5817d4b2c9fb7ecf8

-- ----------------------------
-- Records of _news
-- ----------------------------
BEGIN;
<<<<<<< HEAD
INSERT INTO `_news` VALUES (297, 6, 'recruitment_detail_view/145', '採用者が辞退しました。', 'http://127.0.0.1:8000/dashboard/producer/recruitment/145/detail', 1, '2022-07-08 03:05:31', '2022-07-09 02:08:31'), (298, 6, 'recruitment_detail_view/134', '完了ボタンを押してください', 'http://127.0.0.1:8000/dashboard/producer/recruitment/134/detail', 1, '2022-07-09 02:07:08', '2022-07-09 02:08:34'), (299, 6, 'recruitment_detail_view/134', '完了ボタンを押してください', 'http://10.10.13.130:8000/dashboard/producer/recruitment/134/detail', 1, '2022-07-09 07:49:18', '2022-07-09 11:11:09'), (300, 6, 'recruitment_applicant_view/142/1', '新規申請者が応募されました', 'http://10.10.13.130:8000/dashboard/producer/recruitment/142/applicant/1', 1, '2022-07-11 01:23:17', '2022-07-11 01:23:30'), (301, 1, 'application_detail_view/81', '募集がキャンセルされました。', 'http://10.10.13.130:8000/dashboard/worker/applications/detail/81', 1, '2022-07-11 02:37:21', '2022-07-11 02:37:27');
=======
INSERT INTO `_news` VALUES (105, 3, 'recruitment_applicant_view/94/1', '新規申請者が応募されました', 'http://10.10.13.130:8000/dashboard/producer/recruitment/94/applicant/1', 1, '2022-06-22 01:01:31', '2022-06-22 02:39:20'), (106, 3, 'recruitment_applicant_view/95/1', '新規申請者が応募されました', 'http://10.10.13.130:8000/dashboard/producer/recruitment/95/applicant/1', 1, '2022-06-22 11:46:24', '2022-06-22 11:47:25'), (107, 3, 'recruitment_applicant_view/95/1', '新規申請者が応募されました', 'http://10.10.13.130:8000/dashboard/producer/recruitment/95/applicant/1', 1, '2022-06-22 11:47:09', '2022-06-22 11:47:59'), (108, 3, 'recruitment_applicant_view/95/1', '新規申請者が応募されました', 'http://10.10.13.130:8000/dashboard/producer/recruitment/95/applicant/1', 1, '2022-06-22 11:50:00', '2022-06-22 11:58:17'), (109, 3, 'recruitment_applicant_view/95/1', '新規申請者が応募されました', 'http://10.10.13.130:8000/dashboard/producer/recruitment/95/applicant/1', 1, '2022-06-22 11:59:02', '2022-06-22 18:59:52'), (110, 3, 'recruitment_applicant_view/95/1', '新規申請者が応募されました', 'http://10.10.13.130:8000/dashboard/producer/recruitment/95/applicant/1', 1, '2022-06-22 19:04:45', '2022-06-22 19:15:15'), (111, 3, 'recruitment_applicant_view/95/1', '新規申請者が応募されました', 'http://10.10.13.130:8000/dashboard/producer/recruitment/95/applicant/1', 1, '2022-06-22 19:15:44', '2022-06-22 19:16:11'), (112, 3, 'recruitment_applicant_view/95/1', '新規申請者が応募されました', 'http://10.10.13.130:8000/dashboard/producer/recruitment/95/applicant/1', 1, '2022-06-22 19:37:18', '2022-06-22 19:37:26'), (113, 1, 'application_detail_view/29', '採用情報を変更しました', 'http://127.0.0.1:8000/dashboard/worker/applications/detail/29', 1, '2022-06-24 00:52:16', '2022-06-24 00:52:28'), (114, 1, 'application_detail_view/29', '採用情報を変更しました', 'http://127.0.0.1:8000/dashboard/worker/applications/detail/29', 1, '2022-06-24 00:54:26', '2022-06-24 00:54:30'), (115, 1, 'application_detail_view/29', '採用情報を変更しました', 'http://127.0.0.1:8000/dashboard/worker/applications/detail/29', 1, '2022-06-24 01:17:43', '2022-06-24 01:24:31'), (116, 1, 'matter_review_view/95', '作業が完了しました。', 'http://127.0.0.1:8000/dashboard/worker/matter/95/review', 1, '2022-06-24 01:26:06', '2022-06-24 01:26:15'), (117, 3, 'recruitment_applicant_view/97/1', '新規申請者が応募されました', 'http://127.0.0.1:8000/dashboard/producer/recruitment/97/applicant/1', 1, '2022-06-24 08:39:36', '2022-06-24 08:39:41'), (118, 1, 'application_detail_view/30', '採用情報を変更しました', 'http://127.0.0.1:8000/dashboard/worker/applications/detail/30', 1, '2022-06-24 08:39:58', '2022-06-24 08:40:04'), (119, 1, 'matter_review_view/97', '作業が完了しました。', 'http://127.0.0.1:8000/dashboard/worker/matter/97/review', 1, '2022-06-24 08:41:29', '2022-06-24 08:41:33');
>>>>>>> cdce64f821b0754a200067e5817d4b2c9fb7ecf8
COMMIT;

-- ----------------------------
-- Table structure for _recruitment_favourites
-- ----------------------------
DROP TABLE IF EXISTS `_recruitment_favourites`;
CREATE TABLE `_recruitment_favourites`  (
  `id` bigint(20) UNSIGNED NOT NULL AUTO_INCREMENT,
  `user_id` bigint(20) UNSIGNED NOT NULL,
  `recruitment_id` bigint(20) UNSIGNED NOT NULL,
  `created_at` timestamp(0) NULL DEFAULT NULL,
  `updated_at` timestamp(0) NULL DEFAULT NULL,
  PRIMARY KEY (`id`) USING BTREE
) ENGINE = InnoDB AUTO_INCREMENT = 30 CHARACTER SET = utf8mb4 COLLATE = utf8mb4_unicode_ci;

-- ----------------------------
-- Table structure for _recruitments
-- ----------------------------
DROP TABLE IF EXISTS `_recruitments`;
CREATE TABLE `_recruitments`  (
  `id` bigint(20) UNSIGNED NOT NULL AUTO_INCREMENT,
  `producer_id` bigint(20) UNSIGNED NOT NULL,
  `title` varchar(191) CHARACTER SET utf8mb4 COLLATE utf8mb4_unicode_ci NOT NULL,
  `description` text CHARACTER SET utf8mb4 COLLATE utf8mb4_unicode_ci NULL,
  `post_number` varchar(191) CHARACTER SET utf8mb4 COLLATE utf8mb4_unicode_ci NOT NULL,
  `prefectures` varchar(191) CHARACTER SET utf8mb4 COLLATE utf8mb4_unicode_ci NOT NULL,
  `city` varchar(191) CHARACTER SET utf8mb4 COLLATE utf8mb4_unicode_ci NOT NULL,
  `workplace` varchar(191) CHARACTER SET utf8mb4 COLLATE utf8mb4_unicode_ci NOT NULL,
  `reward_type` varchar(191) CHARACTER SET utf8mb4 COLLATE utf8mb4_unicode_ci NOT NULL,
  `reward_cost` int(255) NOT NULL,
  `work_date_start` date NOT NULL,
  `work_date_end` date NULL DEFAULT NULL,
  `work_time_start` time(0) NOT NULL,
  `work_time_end` time(0) NOT NULL,
  `break_time` varchar(191) CHARACTER SET utf8mb4 COLLATE utf8mb4_unicode_ci NULL DEFAULT NULL,
  `lunch_mode` tinyint(1) NOT NULL DEFAULT 0,
  `pay_mode` enum('cash','card') CHARACTER SET utf8mb4 COLLATE utf8mb4_unicode_ci NOT NULL DEFAULT 'cash',
  `traffic_cost` int(255) NULL DEFAULT 0,
  `traffic_type` enum('beside','include') CHARACTER SET utf8mb4 COLLATE utf8mb4_unicode_ci NOT NULL DEFAULT 'beside',
  `worker_amount` int(11) NULL DEFAULT NULL,
  `rain_mode` varchar(191) CHARACTER SET utf8mb4 COLLATE utf8mb4_unicode_ci NULL DEFAULT NULL,
  `clothes` varchar(191) CHARACTER SET utf8mb4 COLLATE utf8mb4_unicode_ci NULL DEFAULT NULL,
  `toilet` tinyint(1) NOT NULL DEFAULT 0,
  `park` tinyint(1) NOT NULL DEFAULT 0,
  `insurance` tinyint(1) NOT NULL DEFAULT 0,
  `notice` text CHARACTER SET utf8mb4 COLLATE utf8mb4_unicode_ci NULL,
  `image` varchar(191) CHARACTER SET utf8mb4 COLLATE utf8mb4_unicode_ci NOT NULL,
  `postscript` text CHARACTER SET utf8mb4 COLLATE utf8mb4_unicode_ci NULL,
<<<<<<< HEAD
  `status` enum('draft','collecting','working','completed','canceled','deleted') CHARACTER SET utf8mb4 COLLATE utf8mb4_unicode_ci NOT NULL DEFAULT 'draft',
=======
  `status` enum('draft','collecting','working','completed','canceled') CHARACTER SET utf8mb4 COLLATE utf8mb4_unicode_ci NOT NULL DEFAULT 'draft',
>>>>>>> cdce64f821b0754a200067e5817d4b2c9fb7ecf8
  `created_at` timestamp(0) NULL DEFAULT NULL,
  `updated_at` timestamp(0) NULL DEFAULT NULL,
  `comment` text CHARACTER SET utf8mb4 COLLATE utf8mb4_unicode_ci NULL,
  PRIMARY KEY (`id`) USING BTREE
<<<<<<< HEAD
) ENGINE = InnoDB AUTO_INCREMENT = 149 CHARACTER SET = utf8mb4 COLLATE = utf8mb4_unicode_ci;
=======
) ENGINE = InnoDB AUTO_INCREMENT = 98 CHARACTER SET = utf8mb4 COLLATE = utf8mb4_unicode_ci;
>>>>>>> cdce64f821b0754a200067e5817d4b2c9fb7ecf8

-- ----------------------------
-- Records of _recruitments
-- ----------------------------
BEGIN;
<<<<<<< HEAD
INSERT INTO `_recruitments` VALUES (134, 6, '苺のパック詰め作業-2', '苺を綺麗に箱に詰める作業です。傷みやすい果実ですので、慎重な作業をお願いします。', '8920871', '46', '鹿児島市吉野町', '222', '時給', 800, '2022-07-08', '2022-07-08', '13:00:00', '17:00:00', '30分', 0, 'cash', 0, 'include', 1, '雨天決行', '作業しやすい格好,軍手', 1, 1, 1, NULL, '62bda2ff8a2b1.png', NULL, 'working', '2022-07-06 14:13:39', '2022-07-07 14:24:01', NULL), (138, 6, '苺のパック詰め作業-1', '苺を綺麗に箱に詰める作業です。傷みやすい果実ですので、慎重な作業をお願いします。', '8920871', '46', '鹿児島市吉野町', '222', '時給', 800, '2022-07-07', '2022-07-07', '13:00:00', '17:00:00', '30分', 0, 'cash', 0, 'include', 1, '雨天決行', '作業しやすい格好,軍手', 1, 1, 1, NULL, '62bc8e469a7c6.png', NULL, 'completed', '2022-07-06 22:40:02', '2022-07-07 14:22:38', NULL), (139, 6, '野菜の収穫作業', '野菜の収穫のお手伝いをお願いします。', '8920871', '46', '鹿児島市吉野町', '222', '時給', 800, '2022-07-10', '2022-07-10', '13:00:00', '17:00:00', '30分', 0, 'cash', 0, 'include', 1, '雨天決行', '作業しやすい格好,軍手', 1, 1, 1, NULL, '62bc8e469a7c6.png', NULL, 'canceled', '2022-07-07 14:25:32', '2022-07-07 14:31:45', '荒天のため作業中止といたします。申し訳ありませんが、ご理解くださいますようお願い申し上げます。'), (140, 6, '玉ねぎの収穫作業-1', '玉ねぎの収穫をお願いします。', '890-0008', '46', '鹿児島市 伊敷', '1111', '時給', 750, '2022-07-15', '2022-07-15', '10:00:00', '16:00:00', '1時間30分', 0, 'cash', 0, 'include', 2, '小雨程度なら決行', '作業しやすい格好,軍手,帽子,水分補給用水筒', 1, 1, 0, '各自熱中症対策を講じてください。', '62b4e7c4b8c1c.png', NULL, 'collecting', '2022-07-07 14:41:51', '2022-07-07 14:41:51', NULL), (141, 6, '玉ねぎの収穫作業2', '玉ねぎの収穫をお願いします。', '890-0008', '46', '鹿児島市 伊敷', '1111', '時給', 750, '2022-07-07', '2022-07-07', '10:00:00', '16:00:00', '1時間30分', 0, 'cash', 0, 'include', 2, '小雨程度なら決行', '作業しやすい格好,軍手,帽子,水分補給用水筒', 1, 1, 0, '各自熱中症対策を講じてください。', '62b4e7c4b8c1c.png', NULL, 'completed', '2022-07-07 14:50:22', '2022-07-07 14:59:00', NULL), (142, 6, '玉ねぎの収穫作業3', '玉ねぎの収穫をお願いします。', '890-0008', '46', '鹿児島市 伊敷', '1111', '時給', 750, '2022-07-22', '2022-07-22', '10:00:00', '16:00:00', '1時間30分', 0, 'cash', 0, 'include', 2, '小雨程度なら決行', '作業しやすい格好,軍手,帽子,水分補給用水筒', 1, 1, 0, '各自熱中症対策を講じてください。', '62b4e7c4b8c1c.png', NULL, 'deleted', '2022-07-07 17:05:17', '2022-07-11 02:37:21', 'no reply'), (143, 6, '玉ねぎの収穫作業4', '玉ねぎの収穫をお願いします。', '890-0008', '46', '鹿児島市 伊敷', '1111', '時給', 750, '2022-07-22', '2022-07-22', '10:00:00', '16:00:00', '1時間30分', 0, 'cash', 0, 'include', 2, '小雨程度なら決行', '作業しやすい格好,軍手,帽子,水分補給用水筒', 1, 1, 0, '各自熱中症対策を講じてください。', '62b4e7c4b8c1c.png', NULL, 'collecting', '2022-07-07 17:10:50', '2022-07-11 01:18:22', 'asdfasdf'), (144, 6, '玉ねぎの収穫作業5', '玉ねぎの収穫をお願いします。', '890-0008', '46', '鹿児島市 伊敷', '1111', '時給', 750, '2022-07-22', '2022-07-22', '10:00:00', '16:00:00', '1時間30分', 0, 'cash', 0, 'include', 2, '小雨程度なら決行', '作業しやすい格好,軍手,帽子,水分補給用水筒', 1, 1, 0, '各自熱中症対策を講じてください。', '62bb8396c940c.png', NULL, 'draft', '2022-07-07 20:07:59', '2022-07-07 20:07:59', NULL), (145, 6, '玉ねぎの収穫作業6', '玉ねぎの収穫をお願いします。', '890-0008', '46', '鹿児島市 伊敷', '1111', '時給', 750, '2022-07-22', '2022-07-22', '10:00:00', '16:00:00', '1時間30分', 0, 'cash', 0, 'include', 2, '小雨程度なら決行', '作業しやすい格好,軍手,帽子,水分補給用水筒', 1, 1, 0, '各自熱中症対策を講じてください。', '62bb8396c940c.png', NULL, 'working', '2022-07-07 20:08:04', '2022-07-08 00:51:36', NULL), (146, 6, '玉ねぎの収穫作業7', '玉ねぎの収穫をお願いします。', '890-0008', '46', '鹿児島市 伊敷', '1111', '時給', 750, '2022-07-22', '2022-07-22', '10:00:00', '16:00:00', '1時間30分', 0, 'cash', 0, 'include', 2, '小雨程度なら決行', '作業しやすい格好,軍手,帽子,水分補給用水筒', 1, 1, 0, '各自熱中症対策を講じてください。', '62bb8396c940c.png', NULL, 'draft', '2022-07-07 20:08:16', '2022-07-07 20:08:16', NULL), (147, 6, '玉ねぎの収穫作業8', '玉ねぎの収穫をお願いします。', '890-0008', '46', '鹿児島市 伊敷', '1111', '時給', 750, '2022-07-22', '2022-07-22', '10:00:00', '16:00:00', '1時間30分', 0, 'cash', 0, 'include', 2, '小雨程度なら決行', '作業しやすい格好,軍手,帽子,水分補給用水筒', 1, 1, 0, '各自熱中症対策を講じてください。', '62bb8396c940c.png', NULL, 'draft', '2022-07-07 20:08:20', '2022-07-07 20:08:20', NULL), (148, 6, '玉ねぎの収穫作業9', '玉ねぎの収穫をお願いします。', '890-0008', '46', '鹿児島市 伊敷', '1111', '時給', 750, '2022-07-22', '2022-07-22', '10:00:00', '16:00:00', '1時間30分', 0, 'cash', 0, 'include', 2, '小雨程度なら決行', '作業しやすい格好,軍手,帽子,水分補給用水筒', 1, 1, 0, '各自熱中症対策を講じてください。', '62bb8396c940c.png', NULL, 'draft', '2022-07-07 20:08:24', '2022-07-07 20:08:24', NULL);
=======
INSERT INTO `_recruitments` VALUES (93, 3, 'いちごの', 'いちごの\r\nいちごの\r\nいちごの\r\nいちごの', '6520047', '28', '神戸市兵庫区 下沢通', 'workplace1', '時給', 1, '2022-06-22', '2022-06-22', '00:00:00', '23:59:00', '25', 1, 'cash', 0, 'include', 12, NULL, 'いちごの,いちごの2', 0, 1, 0, 'いちごの\r\nいちごの\r\nいちごの', '62b1eb19c1997.png', NULL, 'draft', '2022-06-22 01:00:25', '2022-06-22 01:00:25'), (94, 3, 'いちごの1', 'いちごの\r\nいちごの\r\nいちごの\r\nいちごの', '6520047', '28', '神戸市兵庫区 下沢通', 'workplace1', '時給', 1, '2022-06-22', '2022-06-22', '00:00:00', '23:59:00', '25', 1, 'cash', 0, 'include', 12, NULL, 'いちごの,いちごの2', 0, 1, 0, 'いちごの\r\nいちごの\r\nいちごの', '62b1eb19c1997.png', NULL, 'collecting', '2022-06-22 01:00:33', '2022-06-23 22:43:04'), (95, 3, 'いちごの2', 'いちごの\r\nいちごの\r\nいちごの\r\nいちごの', '6520047', '28', '神戸市兵庫区 下沢通', '6520047-兵庫県 神戸市兵庫区 下沢通 6520047-兵庫県 神戸市兵庫区 下沢通 workplace1', '時給', 1, '2022-06-20', '2022-06-20', '24:00:00', '23:59:00', '25', 1, 'cash', 0, 'include', 12, NULL, 'いちごの,いちごの2', 0, 1, 1, 'いちごの\r\nいちごの\r\nいちごの', '62b2821b3ad99.jpg', 'a:2:{i:0;a:3:{s:2:\"id\";s:13:\"62b28248d669d\";s:7:\"content\";s:15:\"add postscript1\";s:4:\"time\";s:19:\"2022-06-22 11:45:28\";}i:1;a:3:{s:2:\"id\";s:13:\"62b28254780ed\";s:7:\"content\";s:15:\"add postscript2\";s:4:\"time\";s:19:\"2022-06-22 11:45:40\";}}', 'completed', '2022-06-22 07:54:23', '2022-06-24 01:26:06'), (96, 3, 'Laravel Developer Need', 'We need senior laravel developer.\r\nThis project is for hiring farmers and post jobs involved farming jobs.', '6520047', '28', '神戸市兵庫区 下沢通', '123-456', '日給', 24, '2022-06-29', '2022-06-30', '08:00:00', '15:59:00', '120', 0, 'card', 150, 'beside', 5, NULL, 'php,jQuery,mysql', 1, 0, 1, 'Requirements\r\n- use Lavavel auth.\r\n- not use plugins', '62b4e7c4b8c1c.png', NULL, 'draft', '2022-06-24 07:23:00', '2022-06-24 07:23:00'), (97, 3, 'Laravel Developer Need', 'We need senior laravel developer.\r\nThis project is for hiring farmers and post jobs involved farming jobs.', '6520047', '28', '神戸市兵庫区 下沢通', '123-456', '日給', 24, '2022-06-29', '2022-06-30', '08:00:00', '15:59:00', '120', 0, 'card', 150, 'beside', 5, NULL, 'php,jQuery,mysql', 1, 0, 1, 'Requirements\r\n- use Lavavel auth.\r\n- not use plugins', '62b4e7c4b8c1c.png', NULL, 'completed', '2022-06-24 07:23:57', '2022-06-24 08:41:29');
>>>>>>> cdce64f821b0754a200067e5817d4b2c9fb7ecf8
COMMIT;

-- ----------------------------
-- Table structure for _review_templates
-- ----------------------------
DROP TABLE IF EXISTS `_review_templates`;
CREATE TABLE `_review_templates`  (
  `id` bigint(20) UNSIGNED NOT NULL AUTO_INCREMENT,
  `user_id` bigint(20) UNSIGNED NOT NULL,
  `content` text CHARACTER SET utf8mb4 COLLATE utf8mb4_unicode_ci NULL,
  `created_at` timestamp(0) NULL DEFAULT NULL,
  `updated_at` timestamp(0) NULL DEFAULT NULL,
  PRIMARY KEY (`id`) USING BTREE
) ENGINE = InnoDB AUTO_INCREMENT = 6 CHARACTER SET = utf8mb4 COLLATE = utf8mb4_unicode_ci;
<<<<<<< HEAD
=======

-- ----------------------------
-- Records of _review_templates
-- ----------------------------
BEGIN;
INSERT INTO `_review_templates` VALUES (4, 3, 'you are well done', '2022-06-24 08:41:06', '2022-06-24 08:41:06'), (5, 1, 'thanks a lot, You are a good client.', '2022-06-24 08:42:02', '2022-06-24 08:42:02');
COMMIT;
>>>>>>> cdce64f821b0754a200067e5817d4b2c9fb7ecf8

-- ----------------------------
-- Table structure for migrations
-- ----------------------------
DROP TABLE IF EXISTS `migrations`;
CREATE TABLE `migrations`  (
  `id` int(10) UNSIGNED NOT NULL AUTO_INCREMENT,
  `migration` varchar(191) CHARACTER SET utf8mb4 COLLATE utf8mb4_unicode_ci NOT NULL,
  `batch` int(11) NOT NULL,
  PRIMARY KEY (`id`) USING BTREE
) ENGINE = InnoDB AUTO_INCREMENT = 11 CHARACTER SET = utf8mb4 COLLATE = utf8mb4_unicode_ci;

-- ----------------------------
-- Records of migrations
-- ----------------------------
BEGIN;
INSERT INTO `migrations` VALUES (1, '2019_12_14_000001_create_personal_access_tokens_table', 1), (2, '2022_05_04_180056_create_users_table', 1), (3, '2022_05_04_180111_create_recruitments_table', 1), (4, '2022_05_04_183140_create_sessions_table', 1), (5, '2022_05_05_192203_create_applicants_table', 1), (6, '2022_05_06_233346_create_review_templates_table', 1), (7, '2022_05_10_102850_create_messages_table', 1), (8, '2022_05_17_172905_create_news_table', 1), (9, '2022_05_24_164004_create_favourites_table', 1), (10, '2022_05_26_120514_create_recruitment_favourites_table', 1);
COMMIT;

-- ----------------------------
-- Table structure for personal_access_tokens
-- ----------------------------
DROP TABLE IF EXISTS `personal_access_tokens`;
CREATE TABLE `personal_access_tokens`  (
  `id` bigint(20) UNSIGNED NOT NULL AUTO_INCREMENT,
  `tokenable_type` varchar(191) CHARACTER SET utf8mb4 COLLATE utf8mb4_unicode_ci NOT NULL,
  `tokenable_id` bigint(20) UNSIGNED NOT NULL,
  `name` varchar(191) CHARACTER SET utf8mb4 COLLATE utf8mb4_unicode_ci NOT NULL,
  `token` varchar(64) CHARACTER SET utf8mb4 COLLATE utf8mb4_unicode_ci NOT NULL,
  `abilities` text CHARACTER SET utf8mb4 COLLATE utf8mb4_unicode_ci NULL,
  `last_used_at` timestamp(0) NULL DEFAULT NULL,
  `created_at` timestamp(0) NULL DEFAULT NULL,
  `updated_at` timestamp(0) NULL DEFAULT NULL,
  PRIMARY KEY (`id`) USING BTREE,
  UNIQUE INDEX `personal_access_tokens_token_unique`(`token`) USING BTREE,
  INDEX `personal_access_tokens_tokenable_type_tokenable_id_index`(`tokenable_type`, `tokenable_id`) USING BTREE
<<<<<<< HEAD
) ENGINE = InnoDB AUTO_INCREMENT = 362 CHARACTER SET = utf8mb4 COLLATE = utf8mb4_unicode_ci;
=======
) ENGINE = InnoDB AUTO_INCREMENT = 299 CHARACTER SET = utf8mb4 COLLATE = utf8mb4_unicode_ci;
>>>>>>> cdce64f821b0754a200067e5817d4b2c9fb7ecf8

-- ----------------------------
-- Records of personal_access_tokens
-- ----------------------------
BEGIN;
<<<<<<< HEAD
INSERT INTO `personal_access_tokens` VALUES (1, 'App\\Models\\User', 3, 'auth_token', '9a05ab53b2a7b04392083b6e70f0b7aca6b6cc780bef75897ded559a56235b5a', '[\"*\"]', '2022-06-07 20:39:09', '2022-06-07 20:39:02', '2022-06-07 20:39:09'), (2, 'App\\Models\\User', 3, 'auth_token', '95d9636f4ba1b10289839e21f0639377be3fa73f8db17fb255aaf9f2a1f2ce0c', '[\"*\"]', '2022-06-07 20:50:48', '2022-06-07 20:50:43', '2022-06-07 20:50:48'), (3, 'App\\Models\\User', 3, 'auth_token', '598fe8f204655eb371b16e303b236553434b604fb0db56b5e9b1bfdc99aec0a0', '[\"*\"]', '2022-06-07 21:43:13', '2022-06-07 21:43:08', '2022-06-07 21:43:13'), (4, 'App\\Models\\User', 3, 'auth_token', '81ef905ae27ceb047e9b24f9549a97b43e679edd10d66bd5021dae11c4335d0f', '[\"*\"]', '2022-06-07 21:58:09', '2022-06-07 21:58:02', '2022-06-07 21:58:09'), (5, 'App\\Models\\User', 3, 'auth_token', '40a00b2d6166883aac8e58b0f22b3a61376d78fab8e26edb673195e2994a99a9', '[\"*\"]', '2022-06-07 22:17:05', '2022-06-07 22:10:37', '2022-06-07 22:17:05'), (6, 'App\\Models\\User', 3, 'auth_token', '4f7dd234b42198a2ab8e15365f898c6dc29d1c8755e2ac36a06191c294abe717', '[\"*\"]', '2022-06-07 22:17:28', '2022-06-07 22:17:24', '2022-06-07 22:17:28'), (7, 'App\\Models\\User', 3, 'auth_token', '5ed9746c83239d77dd8f9805ffe7e338ceb2ae479677e26f1b53445ba91e6875', '[\"*\"]', '2022-06-07 22:45:50', '2022-06-07 22:18:42', '2022-06-07 22:45:50'), (8, 'App\\Models\\User', 3, 'auth_token', '0d6bdd063cf5b1db117a196f0eef2366f752830cd74d570d97e430e7cae535c5', '[\"*\"]', '2022-06-07 22:51:52', '2022-06-07 22:46:08', '2022-06-07 22:51:52'), (9, 'App\\Models\\User', 3, 'auth_token', 'e1ddd5e03c3b1fcb5d5727a33d005ebf6204b3695759d0198923f95bcd6868b5', '[\"*\"]', '2022-06-07 23:16:19', '2022-06-07 23:15:05', '2022-06-07 23:16:19'), (10, 'App\\Models\\User', 3, 'auth_token', 'a46886ec894a785de0335f11179bfe986ae420fcd9d6359e2dfbc18f51b09300', '[\"*\"]', '2022-06-07 23:25:08', '2022-06-07 23:17:24', '2022-06-07 23:25:08'), (11, 'App\\Models\\User', 3, 'auth_token', '6a57ec2f201c919353a4149e31ab9c780e011743d6ec7911d1ce31332e5ef663', '[\"*\"]', '2022-06-08 05:58:35', '2022-06-08 02:50:31', '2022-06-08 05:58:35'), (12, 'App\\Models\\User', 3, 'auth_token', '0eb7f352769813112163bc407ed5acdff3f9c30d1900097ce4619ec1549ea98e', '[\"*\"]', '2022-06-08 06:30:31', '2022-06-08 06:05:43', '2022-06-08 06:30:31'), (13, 'App\\Models\\User', 3, 'auth_token', 'd5cb38466373e026d049d80d34ceb2197fb55f7f74a33d3a21c0f79de924eee4', '[\"*\"]', '2022-06-08 06:55:23', '2022-06-08 06:43:32', '2022-06-08 06:55:23'), (14, 'App\\Models\\User', 3, 'auth_token', '838cfe3f3404d4231e35e12e3d901de4696772b46fbb047b802bc619874a1493', '[\"producer\"]', '2022-06-08 07:15:15', '2022-06-08 07:15:14', '2022-06-08 07:15:15'), (15, 'App\\Models\\User', 3, 'auth_token', '1bfdf906e1a92a64b362883749a77c408d47ce811e7980fd9b56f4c9b98947d4', '[\"producer\"]', '2022-06-08 07:17:51', '2022-06-08 07:17:50', '2022-06-08 07:17:51'), (16, 'App\\Models\\User', 3, 'auth_token', 'e21de0e9f970a84dcc0a05ea1c9cf1fc95d2eb0b2f18c35d5ecee763888683e2', '[\"producer\"]', '2022-06-08 07:22:45', '2022-06-08 07:21:28', '2022-06-08 07:22:45'), (17, 'App\\Models\\User', 3, 'auth_token', '39d8eb111c75eddc31d816986d3e541be6fcee8474ae9eb84ebde42e3aaf4448', '[\"producerRole\"]', '2022-06-08 07:25:41', '2022-06-08 07:24:18', '2022-06-08 07:25:41'), (18, 'App\\Models\\User', 3, 'auth_token', '82444d89c03e03a56f3f307f6376ac713ee09b6f4016de09716ae9218972f07d', '[\"producerRole\"]', '2022-06-08 07:40:41', '2022-06-08 07:29:48', '2022-06-08 07:40:41'), (19, 'App\\Models\\User', 3, 'auth_token', 'eb7d899b0a09aed87b5c1a74e3bea16f594aa67895cb9b0bc192a06e8567e9aa', '[\"producerRole\"]', '2022-06-08 07:55:19', '2022-06-08 07:55:18', '2022-06-08 07:55:19'), (20, 'App\\Models\\User', 3, 'auth_token', '885a5fbc8111044656b1d42c58c8a098e58c40abec967667eda48980215bcd30', '[\"producerRole\"]', '2022-06-08 07:57:53', '2022-06-08 07:57:52', '2022-06-08 07:57:53'), (21, 'App\\Models\\User', 3, 'auth_token', 'beb57dc18c6fc3cb62a53bf47155fb4f20167d992b702dc656de0648dee78e32', '[\"producerRole\"]', '2022-06-08 08:15:43', '2022-06-08 07:59:01', '2022-06-08 08:15:43'), (22, 'App\\Models\\User', 3, 'auth_token', '66170f8878b739bc88cc2ab43849d15c3a2c6660ca3cb997384f16cd124f38ed', '[\"producerRole\"]', '2022-06-08 08:16:25', '2022-06-08 08:15:58', '2022-06-08 08:16:25'), (23, 'App\\Models\\User', 3, 'auth_token', 'c7b611b3698639a99e2fc32e303090181221c87b0cde3dcde6b46e0fd9e50d06', '[\"producerRole\"]', '2022-06-08 08:18:43', '2022-06-08 08:16:58', '2022-06-08 08:18:43'), (24, 'App\\Models\\User', 3, 'auth_token', '73c877f455d1a4f7fc9175e3c1216aad3c13aaf0ad50ab5e26cddc90e064e542', '[\"producerRole\"]', '2022-06-08 08:19:46', '2022-06-08 08:19:42', '2022-06-08 08:19:46'), (25, 'App\\Models\\User', 3, 'auth_token', '821bdf363ef8463b2c7358e06c71fd0c6276667fd987dd22f85a2d28cab4f1fa', '[\"producerRole\"]', '2022-06-08 08:22:05', '2022-06-08 08:20:09', '2022-06-08 08:22:05'), (26, 'App\\Models\\User', 3, 'auth_token', '97eb41f2ac104efc40d8e0c15c2fed178ba31f18c73c2669d90fca474d1ec50c', '[\"producerRole\"]', '2022-06-08 09:04:38', '2022-06-08 09:04:36', '2022-06-08 09:04:38'), (27, 'App\\Models\\User', 3, 'auth_token', '6edbd379ac85d07ce08aeb43d3d0b49bea2f2a7d11a2da731b462eb27469cb5c', '[\"producerRole\"]', '2022-06-08 09:38:36', '2022-06-08 09:07:50', '2022-06-08 09:38:36'), (28, 'App\\Models\\User', 3, 'auth_token', 'eb1c73fa64d8e6806efca925b4168d9be1f41c80a9abe687565222e4dde7fd1a', '[\"producerRole\"]', '2022-06-08 09:38:50', '2022-06-08 09:38:49', '2022-06-08 09:38:50'), (29, 'App\\Models\\User', 3, 'auth_token', '40e492357d5fa668410d149d393f5b807deb9792717a846d5f636e7b615a66c3', '[\"producerRole\"]', '2022-06-08 10:03:17', '2022-06-08 09:43:21', '2022-06-08 10:03:17'), (30, 'App\\Models\\User', 3, 'auth_token', 'be8d65d05ae72d76e9225b092835df3c782b800d9763141fc3d2bc60fd44f1ba', '[\"producerRole\"]', '2022-06-08 10:27:07', '2022-06-08 10:27:03', '2022-06-08 10:27:07'), (31, 'App\\Models\\User', 3, 'auth_token', 'd14bdb2bd82e455ffdf5aec463a5a8dda4d68342435e6139c511690bfdf8f59f', '[\"producerRole\"]', '2022-06-08 10:30:14', '2022-06-08 10:29:58', '2022-06-08 10:30:14'), (32, 'App\\Models\\User', 3, 'auth_token', '977cc83d4f0457f93dc89b6c9928540a5d24c7166442b7c92dbe3a1bfcf00587', '[\"producerRole\"]', '2022-06-08 10:31:02', '2022-06-08 10:30:33', '2022-06-08 10:31:02'), (33, 'App\\Models\\User', 3, 'auth_token', '75705f36d6be636f3612c1aecd28325b239615c0bc507797cc2b53c1c563c010', '[\"producerRole\"]', '2022-06-08 10:34:15', '2022-06-08 10:31:21', '2022-06-08 10:34:15'), (34, 'App\\Models\\User', 3, 'auth_token', 'e72240d03b22385b6ea42d0c85ad6fbe884dabcfb1bf805fd242166e1cd42d27', '[\"producerRole\"]', '2022-06-08 11:57:30', '2022-06-08 10:37:52', '2022-06-08 11:57:30'), (35, 'App\\Models\\User', 3, 'auth_token', 'bbebd599d62eb2dc35cfc2497cefde0592538e78dd6f70f0940accca3daba49f', '[\"producerRole\"]', '2022-06-08 13:12:00', '2022-06-08 12:46:36', '2022-06-08 13:12:00'), (36, 'App\\Models\\User', 3, 'auth_token', 'c85f845b1c9b7f148dbd853f123631ed86f6bc293d2fbd282cfbfbabac54a24b', '[\"producerRole\"]', '2022-06-08 16:25:28', '2022-06-08 16:17:43', '2022-06-08 16:25:28'), (37, 'App\\Models\\User', 3, 'auth_token', 'b16f58b661ffad6a14b35e986eac4ee3876bcd7bca157064cf4281e3aaac3dbb', '[\"producerRole\"]', '2022-06-08 16:26:53', '2022-06-08 16:26:49', '2022-06-08 16:26:53'), (38, 'App\\Models\\User', 3, 'auth_token', '7896726b37dfe4371f3242761db29acf74d56069c90813e3644bd38f1186ea47', '[\"producerRole\"]', '2022-06-08 16:29:21', '2022-06-08 16:29:15', '2022-06-08 16:29:21'), (39, 'App\\Models\\User', 3, 'auth_token', '7f244e8cf92545e44b35bd51b6698a95b07cbfdc83d3acb6c3079bd2696f6bb0', '[\"producerRole\"]', '2022-06-08 16:46:04', '2022-06-08 16:46:01', '2022-06-08 16:46:04'), (40, 'App\\Models\\User', 3, 'auth_token', '373fc198594d5d52afba1ca1d5807624cb654b83eb2c8ab62566128ab361eaf2', '[\"producerRole\"]', '2022-06-08 17:09:23', '2022-06-08 16:49:57', '2022-06-08 17:09:23'), (41, 'App\\Models\\User', 3, 'auth_token', '12fb0c9052b5a8f57c7ff591a851dc50b207706e6193b6d13274c966fbcade98', '[\"producerRole\"]', '2022-06-08 17:14:12', '2022-06-08 17:14:09', '2022-06-08 17:14:12'), (42, 'App\\Models\\User', 3, 'auth_token', 'ed6891545ae13186fb3ca94d66a2d343061bd722d91a050c617742321eac6059', '[\"producerRole\"]', '2022-06-08 17:15:05', '2022-06-08 17:14:56', '2022-06-08 17:15:05'), (43, 'App\\Models\\User', 3, 'auth_token', '91d8f9d694c9d5b096efb1a14956c1a298fcc47e14dde5bc6cef615b3a8e793d', '[\"producerRole\"]', '2022-06-08 18:04:16', '2022-06-08 17:46:05', '2022-06-08 18:04:16'), (44, 'App\\Models\\User', 3, 'auth_token', 'b09eb393f805114c1c62c71c7bbc9896aabf4524fc26d470f4ac69cdfe811060', '[\"producerRole\"]', '2022-06-08 18:26:29', '2022-06-08 18:26:23', '2022-06-08 18:26:29'), (45, 'App\\Models\\User', 3, 'auth_token', 'd00a0c7c657e2e5e8153964d063f03169466b21486e2c45b35eefd7472b92ec2', '[\"producerRole\"]', '2022-06-09 01:10:01', '2022-06-08 18:27:56', '2022-06-09 01:10:01'), (46, 'App\\Models\\User', 3, 'auth_token', '382e762d97d0daeee6aaf76ad894f57e9b784bd214b34becebcae21b3a4af8f5', '[\"producerRole\"]', '2022-06-09 02:41:41', '2022-06-09 02:13:44', '2022-06-09 02:41:41'), (47, 'App\\Models\\User', 3, 'auth_token', '292e0a50c33e0b6e69b57e41c577e7aac98aeb28d9d8b5f202a87df10cb18366', '[\"producerRole\"]', '2022-06-09 02:46:14', '2022-06-09 02:46:10', '2022-06-09 02:46:14'), (48, 'App\\Models\\User', 3, 'auth_token', 'cb7f62c8fca33a48ff38d5b35f9ea18a7ef1dd75bc8900051f9630a6691d5eb8', '[\"producerRole\"]', '2022-06-09 02:49:44', '2022-06-09 02:49:41', '2022-06-09 02:49:44'), (49, 'App\\Models\\User', 3, 'auth_token', '2c5b493ef8b81588fd3fa6951ea16a776bdc75fd832e8e039459eb5d9dbc7600', '[\"producerRole\"]', '2022-06-09 02:51:06', '2022-06-09 02:51:02', '2022-06-09 02:51:06'), (50, 'App\\Models\\User', 3, 'auth_token', '943a79343b5988355daa5461c4cab8e41a7b3296ace1a7e9b437e1c48004c927', '[\"producerRole\"]', '2022-06-09 02:52:05', '2022-06-09 02:51:58', '2022-06-09 02:52:05'), (51, 'App\\Models\\User', 3, 'auth_token', 'e2faaa69df4e87b96744e3d0cafa52d2733019ca5560de7a7fdba7252c89ffbb', '[\"producerRole\"]', '2022-06-09 02:54:28', '2022-06-09 02:52:32', '2022-06-09 02:54:28'), (52, 'App\\Models\\User', 3, 'auth_token', '7168566c19159c2f2b2c3f8725fba0477460ecf11836425d2e9c29c8db15b558', '[\"producerRole\"]', '2022-06-09 03:11:14', '2022-06-09 03:11:08', '2022-06-09 03:11:14'), (53, 'App\\Models\\User', 3, 'auth_token', '7227f7503c8fc028b4bd4eaf7ffe7542bad3b468eb0ffe8b3c721089e952a33d', '[\"producerRole\"]', '2022-06-09 03:21:58', '2022-06-09 03:21:54', '2022-06-09 03:21:58'), (54, 'App\\Models\\User', 3, 'auth_token', '880ee427b141e0ce8e33ed09acb53a85a9beff666cd8d951ebca2322df639520', '[\"producerRole\"]', '2022-06-09 03:35:32', '2022-06-09 03:26:39', '2022-06-09 03:35:32'), (55, 'App\\Models\\User', 3, 'auth_token', 'd892923ee54ede0001eb9227b558b42d4d4bd78be588a9861ae431e215aef3f0', '[\"producerRole\"]', '2022-06-09 03:50:47', '2022-06-09 03:50:41', '2022-06-09 03:50:47'), (56, 'App\\Models\\User', 3, 'auth_token', '3ea28e11a53d63579454709b3894f837c5d4d6c56a8ddfcdbd0b52f00d24a745', '[\"producerRole\"]', '2022-06-09 04:24:45', '2022-06-09 03:51:54', '2022-06-09 04:24:45'), (57, 'App\\Models\\User', 3, 'auth_token', 'd71aa040aa45e4228c3aecc67cd61cc7cae0440b905e6b02a0508e579fedb4bc', '[\"producerRole\"]', '2022-06-09 04:37:42', '2022-06-09 04:37:38', '2022-06-09 04:37:42'), (58, 'App\\Models\\User', 3, 'auth_token', 'a1695bfbfb63c88042bf18364f2d987e99685633cad69e085e2f4af6d3176175', '[\"producerRole\"]', '2022-06-09 05:10:06', '2022-06-09 04:40:59', '2022-06-09 05:10:06'), (59, 'App\\Models\\User', 3, 'auth_token', '2973838d4986f98737f2051765eb1a4819c4c0f77fbd53decabd35b3fb645576', '[\"producerRole\"]', '2022-06-09 05:40:13', '2022-06-09 05:40:10', '2022-06-09 05:40:13'), (60, 'App\\Models\\User', 3, 'auth_token', '3d435626f5a32b1933bd1eb33835656a2408a9e86f242111be907fecbf4a793d', '[\"producerRole\"]', '2022-06-09 06:25:36', '2022-06-09 05:41:16', '2022-06-09 06:25:36'), (61, 'App\\Models\\User', 3, 'auth_token', '6626ac848b094ed0b06c54af6a412dd54ea989cbf879df93e9761ba248164af9', '[\"producerRole\"]', '2022-06-09 06:48:20', '2022-06-09 06:29:25', '2022-06-09 06:48:20'), (62, 'App\\Models\\User', 3, 'auth_token', '24cf8df26a833e8feede6a73124eab118c9f665643fb8a9eabd2daf9fac75a1c', '[\"producerRole\"]', '2022-06-09 07:22:14', '2022-06-09 06:57:42', '2022-06-09 07:22:14'), (63, 'App\\Models\\User', 3, 'auth_token', '28455cd19a204b59517b30d6027ed222d75afb45c7b180eeb25dd3225623dc62', '[\"producerRole\"]', '2022-06-09 07:23:22', '2022-06-09 07:23:05', '2022-06-09 07:23:22'), (64, 'App\\Models\\User', 3, 'auth_token', '5b6e73456f3c9cc5868e797cc0fb5c348699c9515b1964a1e0588118ef4a4227', '[\"producerRole\"]', '2022-06-09 10:15:56', '2022-06-09 09:28:30', '2022-06-09 10:15:56'), (65, 'App\\Models\\User', 3, 'auth_token', '23a601e5d121b6b9c7e77cfdcdc42c7ba75f5ac2f15205215b877f14903327e0', '[\"producerRole\"]', '2022-06-09 10:34:49', '2022-06-09 10:06:06', '2022-06-09 10:34:49'), (66, 'App\\Models\\User', 3, 'auth_token', '8785ffab733645e3f0d4b0f4211d50150e1139b9b066eb308fe0c63f06fb73d7', '[\"producerRole\"]', '2022-06-09 18:08:05', '2022-06-09 10:52:24', '2022-06-09 18:08:05'), (67, 'App\\Models\\User', 3, 'auth_token', 'f7f7b3788a983e2acffea4b6ef5815e4c33104a00e3611cc6b5bf52ca80e79cd', '[\"producerRole\"]', '2022-06-09 18:23:52', '2022-06-09 18:08:58', '2022-06-09 18:23:52'), (68, 'App\\Models\\User', 3, 'auth_token', '333d13b5eb6c371df7328370206fdc949d6912c9ee2e80f43e6fb7e16214a239', '[\"producerRole\"]', '2022-06-09 18:53:11', '2022-06-09 18:45:59', '2022-06-09 18:53:11'), (69, 'App\\Models\\User', 3, 'auth_token', '4af9ad3eac563f9ed0fb35769dcdf33b852d1da0705dcaf0464f62b2efe672bb', '[\"producerRole\"]', '2022-06-09 20:02:56', '2022-06-09 19:59:01', '2022-06-09 20:02:56'), (70, 'App\\Models\\User', 3, 'auth_token', '1fcee5d644833c6e7554457728363ef77840e0a524e1a1a46e94487788db7907', '[\"producerRole\"]', '2022-06-09 21:03:17', '2022-06-09 21:01:57', '2022-06-09 21:03:17'), (71, 'App\\Models\\User', 3, 'auth_token', '3ec30917554df6263288f35c193b5358bcbdf853aab99c1f5a887fe697a45ef6', '[\"producerRole\"]', '2022-06-09 21:04:34', '2022-06-09 21:04:29', '2022-06-09 21:04:34'), (72, 'App\\Models\\User', 3, 'auth_token', '802380642d38a4cf151765475e6c1c83eab2f96eb40bf36ff6f105fa0476b5b4', '[\"producerRole\"]', '2022-06-09 21:13:29', '2022-06-09 21:13:24', '2022-06-09 21:13:29'), (73, 'App\\Models\\User', 3, 'auth_token', '5b46ba9b674771713c69878246d826d6a8b530314cafe86beff4e513107147d4', '[\"producerRole\"]', '2022-06-09 21:19:17', '2022-06-09 21:16:09', '2022-06-09 21:19:17'), (74, 'App\\Models\\User', 3, 'auth_token', 'a69f3c1ab706c336d243f1801734aceffd4f0ec32ec5d978c789ebccac7a6dab', '[\"producerRole\"]', '2022-06-09 21:20:26', '2022-06-09 21:20:12', '2022-06-09 21:20:26'), (75, 'App\\Models\\User', 3, 'auth_token', '89c784cd8688203f2945a4de74e5217b8752cadea198ea8d21606198ff3478b0', '[\"producerRole\"]', '2022-06-09 21:28:52', '2022-06-09 21:24:16', '2022-06-09 21:28:52'), (76, 'App\\Models\\User', 3, 'auth_token', '42971d12da9d3c26ab19e8c13be335b9f8d40175d35f7e41898cf02ef054bb74', '[\"producerRole\"]', '2022-06-09 21:30:29', '2022-06-09 21:30:16', '2022-06-09 21:30:29'), (77, 'App\\Models\\User', 3, 'auth_token', 'dc96f0fe8f988670e5f1d701f205e6ef47da437b22377ad8f7e173f94de2f6a2', '[\"producerRole\"]', '2022-06-09 21:40:37', '2022-06-09 21:34:53', '2022-06-09 21:40:37'), (78, 'App\\Models\\User', 3, 'auth_token', '72050d38cb8539b8e804121c7932ebc3849fa75b4291c3f4c899559a6d16c805', '[\"producerRole\"]', '2022-06-09 21:42:35', '2022-06-09 21:42:15', '2022-06-09 21:42:35'), (79, 'App\\Models\\User', 3, 'auth_token', '332f9e31bb85517221c71b5758c773aca738c95f9f68f8c49c0fab49f002d017', '[\"producerRole\"]', '2022-06-09 21:48:48', '2022-06-09 21:48:33', '2022-06-09 21:48:48'), (80, 'App\\Models\\User', 3, 'auth_token', '1464ee0d4a10011e0d5ec960317a9ee0ec4af72d3ca2c418909a103e9cf7a2e0', '[\"producerRole\"]', '2022-06-09 22:04:06', '2022-06-09 21:54:31', '2022-06-09 22:04:06'), (81, 'App\\Models\\User', 3, 'auth_token', '7311be2199c6ee367dafd726c88f3624c383473f86195d5e8d3ca5ba3e991eb4', '[\"producerRole\"]', '2022-06-09 22:32:55', '2022-06-09 22:32:51', '2022-06-09 22:32:55'), (82, 'App\\Models\\User', 3, 'auth_token', '78ba4d03c3877ff40317beafa4e45e0973257e02b87a47a377f75abed36e4924', '[\"producerRole\"]', '2022-06-09 22:38:37', '2022-06-09 22:38:36', '2022-06-09 22:38:37'), (83, 'App\\Models\\User', 3, 'auth_token', '1807f0c2fedea7a6f585a30116a0d71872093e95161e55f7e7907cc3b25f36ca', '[\"producerRole\"]', '2022-06-09 22:40:41', '2022-06-09 22:38:49', '2022-06-09 22:40:41'), (84, 'App\\Models\\User', 3, 'auth_token', '8e7b85b5e7a421d2953937d3c2b2542ae2552c6bb88ee2e3ae7c4c0b2d10de3e', '[\"producerRole\"]', '2022-06-09 22:49:56', '2022-06-09 22:44:27', '2022-06-09 22:49:56'), (85, 'App\\Models\\User', 3, 'auth_token', '13dcad2b235d4a0dfed4798a37b713c6c8d97b7ac498684b3fc37d47ba37a422', '[\"producerRole\"]', '2022-06-09 22:51:48', '2022-06-09 22:51:34', '2022-06-09 22:51:48'), (86, 'App\\Models\\User', 3, 'auth_token', '6466fe7d27276d7b2d465d8de1ab4150c7b4acc073a109a6c6870a4f5b42394d', '[\"producerRole\"]', '2022-06-09 22:52:12', '2022-06-09 22:52:11', '2022-06-09 22:52:12'), (87, 'App\\Models\\User', 3, 'auth_token', 'd559ec2af67b25f86fd0b9231775b7d5770bbfbebcbfdee391da4a5193a3fda6', '[\"producerRole\"]', '2022-06-09 22:52:58', '2022-06-09 22:52:48', '2022-06-09 22:52:58'), (88, 'App\\Models\\User', 3, 'auth_token', 'cb4bb12780c1dd22d2c31c73245fce5e2b6320fbbf37fa8662075b8ce053d992', '[\"producerRole\"]', '2022-06-09 22:53:46', '2022-06-09 22:53:34', '2022-06-09 22:53:46'), (89, 'App\\Models\\User', 3, 'auth_token', 'be2b45dbb2c1a0b89fa4c430750b2796bb3d2ef137403d17fae06bc8d7bcd5a2', '[\"producerRole\"]', '2022-06-09 23:27:14', '2022-06-09 23:23:58', '2022-06-09 23:27:14'), (90, 'App\\Models\\User', 3, 'auth_token', 'ac2d5f1a7b8311f23416340f12d786517aef13108fb49ebca8b916f252e43516', '[\"producerRole\"]', '2022-06-09 23:30:08', '2022-06-09 23:30:04', '2022-06-09 23:30:08'), (91, 'App\\Models\\User', 3, 'auth_token', '432fd6c1c2a98e4e30ab242c1c250050250959e316de0a4e4491d37a38cca0a8', '[\"producerRole\"]', '2022-06-09 23:30:54', '2022-06-09 23:30:50', '2022-06-09 23:30:54'), (92, 'App\\Models\\User', 3, 'auth_token', 'd3879106b05a8f9f4858c4bbba1b32fd8a34ce372345e89b536ac7fea5c10fb4', '[\"producerRole\"]', '2022-06-09 23:31:53', '2022-06-09 23:31:50', '2022-06-09 23:31:53'), (93, 'App\\Models\\User', 3, 'auth_token', '6fa1634b3dc92d176a6eecc78c7ccd1e8d04a71ae22c3b2d95758b5de101605d', '[\"producerRole\"]', '2022-06-09 23:33:29', '2022-06-09 23:33:26', '2022-06-09 23:33:29'), (94, 'App\\Models\\User', 3, 'auth_token', '613e36adf89867452abb9549d9e0c27d1acdac6ec0b5f23ded010ec330d81a5e', '[\"producerRole\"]', '2022-06-09 23:36:04', '2022-06-09 23:35:59', '2022-06-09 23:36:04'), (95, 'App\\Models\\User', 3, 'auth_token', 'caa957761c10d502a68d03f5689aaee49120720a252ac34579a5dae51d3184f2', '[\"producerRole\"]', '2022-06-09 23:55:47', '2022-06-09 23:55:35', '2022-06-09 23:55:47'), (96, 'App\\Models\\User', 3, 'auth_token', '95017b86e1f024b35554d2e9f2d8118b41af172680acc2ca992da344e290cfc4', '[\"producerRole\"]', '2022-06-10 00:09:16', '2022-06-10 00:09:12', '2022-06-10 00:09:16'), (97, 'App\\Models\\User', 3, 'auth_token', '9f95540f6fdc1acd307abfa1fe225fe6a54b590e3924cb8f21f042342949aa3c', '[\"producerRole\"]', '2022-06-10 01:47:02', '2022-06-10 00:53:05', '2022-06-10 01:47:02'), (98, 'App\\Models\\User', 3, 'auth_token', '7c5352492463b7a8fab800b0f7e918b1ab6b8f43c7fa6b80cacd997beab42bd8', '[\"producerRole\"]', '2022-06-10 01:53:05', '2022-06-10 01:48:53', '2022-06-10 01:53:05'), (99, 'App\\Models\\User', 3, 'auth_token', '5d277d5d5620b81f04d4d3f1045e19aac8e81f046e78b956d8b3d1eac7edf0ff', '[\"producerRole\"]', '2022-06-10 02:16:38', '2022-06-10 02:13:09', '2022-06-10 02:16:38'), (100, 'App\\Models\\User', 3, 'auth_token', 'c0eea251434c79e614fc9b73af0fb5d40e7fbf090ca37ad77f9eeef00d709e30', '[\"producerRole\"]', '2022-06-10 02:31:01', '2022-06-10 02:19:14', '2022-06-10 02:31:01'), (101, 'App\\Models\\User', 3, 'auth_token', '7a7f4bcd17baf817ca37451dfcd1ff847704c17234e8ab56af0b4c6bec592ff3', '[\"producerRole\"]', '2022-06-10 02:39:40', '2022-06-10 02:39:20', '2022-06-10 02:39:40'), (102, 'App\\Models\\User', 3, 'auth_token', 'c3984eb5f2c834f618ba18f4064e2c73e1faf174c51ce76a2a67105c1c582887', '[\"producerRole\"]', '2022-06-10 03:09:41', '2022-06-10 03:09:36', '2022-06-10 03:09:41'), (103, 'App\\Models\\User', 3, 'auth_token', 'd71a50afb4e2c7b373f7f2a3a6ceb680dc6d2f73955e9332d82c50749ea70683', '[\"producerRole\"]', '2022-06-10 03:44:10', '2022-06-10 03:44:09', '2022-06-10 03:44:10'), (104, 'App\\Models\\User', 3, 'auth_token', '02b8c396a9a16caddb1e1a1577fa1c1b9cac42aba785fec8f08d36556f8a97f4', '[\"producerRole\"]', '2022-06-10 04:00:01', '2022-06-10 03:44:30', '2022-06-10 04:00:01'), (105, 'App\\Models\\User', 3, 'auth_token', '708c2899de1c77d39d137a21b345d0fe808d2cde99941bf7188f69bd8722bb34', '[\"producerRole\"]', '2022-06-10 08:50:07', '2022-06-10 08:50:03', '2022-06-10 08:50:07'), (106, 'App\\Models\\User', 3, 'auth_token', 'd039a5f0283df96ac81ab63e45627f4d79f6ecb89b213683dd850d24c85f5ea5', '[\"producerRole\"]', '2022-06-10 09:26:20', '2022-06-10 08:58:48', '2022-06-10 09:26:20'), (107, 'App\\Models\\User', 3, 'auth_token', '9e88b8f709664788e29e81dfa013123a86c141a6e5ae3540246e19691b45abc4', '[\"producerRole\"]', '2022-06-10 10:05:46', '2022-06-10 10:01:19', '2022-06-10 10:05:46'), (108, 'App\\Models\\User', 3, 'auth_token', 'c45689c25a2082639d38731d3b7c46b7d0a233b9ea579417c9015d2b314c9ae1', '[\"producerRole\"]', '2022-06-10 10:12:55', '2022-06-10 10:08:38', '2022-06-10 10:12:55'), (109, 'App\\Models\\User', 3, 'auth_token', '6621150db467c8a0bc68c9d492b2f76ad3375dec2a0b721a25d1d6b229353f75', '[\"producerRole\"]', '2022-06-10 10:49:07', '2022-06-10 10:39:01', '2022-06-10 10:49:07'), (110, 'App\\Models\\User', 3, 'auth_token', 'ebfedef221208c8973d5f0657fffc1dafbc48946b7ac29084cbe1ea842029e6e', '[\"producerRole\"]', '2022-06-10 10:54:21', '2022-06-10 10:54:13', '2022-06-10 10:54:21'), (111, 'App\\Models\\User', 3, 'auth_token', '7fa8734b04035358b28515caf06cd0bbded8e1b226db19f0955f68d33b99173d', '[\"producerRole\"]', '2022-06-10 11:06:23', '2022-06-10 10:56:16', '2022-06-10 11:06:23'), (112, 'App\\Models\\User', 3, 'auth_token', '3e73362426bad76ebfdb6c0daa9deea24bd78d7f0e290b78a329d89cab3686fc', '[\"producerRole\"]', '2022-06-10 11:39:16', '2022-06-10 11:20:36', '2022-06-10 11:39:16'), (113, 'App\\Models\\User', 3, 'auth_token', '2b8d12c0ad1cb9f7855b02d9651d671d90e984a77384843a16322a08273dddb4', '[\"producerRole\"]', '2022-06-10 12:07:00', '2022-06-10 11:44:13', '2022-06-10 12:07:00'), (114, 'App\\Models\\User', 3, 'auth_token', '2ec91623ac8aa0420c692435e0f9099ba24710e66adc9c3b33c988abe49875e4', '[\"producerRole\"]', '2022-06-10 12:39:13', '2022-06-10 12:35:02', '2022-06-10 12:39:13'), (115, 'App\\Models\\User', 3, 'auth_token', '0c60b531d2b8c863f1565f247b690bb36d812dfa8fb5a51bdfb74f40b42c6e22', '[\"producerRole\"]', '2022-06-10 12:41:12', '2022-06-10 12:40:57', '2022-06-10 12:41:12'), (116, 'App\\Models\\User', 3, 'auth_token', 'dbe28626c04446ba60fd768476ea8ca004aacc56a9e5a56b2b157eac5a5611e5', '[\"producerRole\"]', '2022-06-10 12:46:40', '2022-06-10 12:45:38', '2022-06-10 12:46:40'), (117, 'App\\Models\\User', 3, 'auth_token', '21dbd0551b18b17cebf58367076849bddc29b7ad19294594675d56a88a8b624a', '[\"producerRole\"]', '2022-06-10 12:59:51', '2022-06-10 12:59:43', '2022-06-10 12:59:51'), (118, 'App\\Models\\User', 3, 'auth_token', 'dc3983922395e825b02a041d483f7b414cc525567fc898dc9d4a4fcd5ba8b09d', '[\"producerRole\"]', '2022-06-10 13:29:25', '2022-06-10 13:13:23', '2022-06-10 13:29:25'), (119, 'App\\Models\\User', 3, 'auth_token', '941e5e847db7a03c1fa5b2b14c2b9c0af6ba314208d1b2f3e2bd78fef9dd7f32', '[\"producerRole\"]', '2022-06-10 13:37:42', '2022-06-10 13:37:33', '2022-06-10 13:37:42'), (120, 'App\\Models\\User', 3, 'auth_token', 'cbf27c6eb585660df81e1d663becc8197b18d77de4acedb7cc4500823bf6ccb4', '[\"producerRole\"]', '2022-06-10 13:54:30', '2022-06-10 13:40:13', '2022-06-10 13:54:30'), (121, 'App\\Models\\User', 3, 'auth_token', 'ebb1c4f0239c7e8992cebf40d5fa951564c6672aaf4c51683ee2314c4fa11453', '[\"producerRole\"]', '2022-06-10 14:00:34', '2022-06-10 14:00:26', '2022-06-10 14:00:34'), (122, 'App\\Models\\User', 3, 'auth_token', '96c56882ee4198bf08d1cd15b26795cf87c39787b97ed4c747e1753113fc522e', '[\"producerRole\"]', '2022-06-10 14:34:23', '2022-06-10 14:01:45', '2022-06-10 14:34:23'), (123, 'App\\Models\\User', 3, 'auth_token', 'c1e3c07ed4ceeb02e5ca4b6259c72eae772e16a038909436ecaa40d14f031326', '[\"producerRole\"]', '2022-06-10 15:02:23', '2022-06-10 15:00:06', '2022-06-10 15:02:23'), (124, 'App\\Models\\User', 3, 'auth_token', '267f58573c9b9ccb80681aa91f221f7293cd65d0611829fbd6c6f5cfd4cd33ee', '[\"producerRole\"]', '2022-06-12 13:33:26', '2022-06-12 13:05:03', '2022-06-12 13:33:26'), (125, 'App\\Models\\User', 3, 'auth_token', 'e278560bf5de79222f2f4175714f1a8ac6f31fea7c48cc4696d82d509fdaed2c', '[\"producerRole\"]', '2022-06-12 13:39:40', '2022-06-12 13:39:11', '2022-06-12 13:39:40'), (126, 'App\\Models\\User', 3, 'auth_token', '0a1809da49c5c90c6d7f894dc12103e39f81b38a95f7ddb71e1515f90cf3c72f', '[\"producerRole\"]', '2022-06-12 15:01:11', '2022-06-12 13:40:04', '2022-06-12 15:01:11'), (127, 'App\\Models\\User', 3, 'auth_token', '34f2d633335fc0ff748a2535d6687e1d2d19eb75df4179b1182f9b3828a2b8d3', '[\"producerRole\"]', '2022-06-12 15:25:17', '2022-06-12 15:18:44', '2022-06-12 15:25:17'), (128, 'App\\Models\\User', 3, 'auth_token', '91d7d1cd0d2fc01a9ef2a72e0cbd2949a270ad8e9a0b88a7cdcbc114a5e15eac', '[\"producerRole\"]', '2022-06-12 15:30:06', '2022-06-12 15:27:12', '2022-06-12 15:30:06'), (129, 'App\\Models\\User', 3, 'auth_token', 'e84435d9c710cd893d331b03d8e18bbe928f1a1dec2681316e2eae6e0816a63f', '[\"producerRole\"]', '2022-06-12 15:30:40', '2022-06-12 15:30:35', '2022-06-12 15:30:40'), (130, 'App\\Models\\User', 3, 'auth_token', 'efee223cd4c91065742f0f0841520eed36c3db8f44a2e6f624be975bd3f3c297', '[\"producerRole\"]', '2022-06-12 15:35:25', '2022-06-12 15:35:20', '2022-06-12 15:35:25'), (131, 'App\\Models\\User', 3, 'auth_token', '25f0cba82f07c6eaa50b350e9cf6ba424f25ab2f376537bb54dc9dbc446653d2', '[\"producerRole\"]', '2022-06-12 15:49:17', '2022-06-12 15:35:51', '2022-06-12 15:49:17'), (132, 'App\\Models\\User', 3, 'auth_token', '3832b085f06643d233bbafd88e17cefac8e6fdc8d4b6babc6b73767dad02431e', '[\"producerRole\"]', '2022-06-12 15:51:26', '2022-06-12 15:51:22', '2022-06-12 15:51:26'), (133, 'App\\Models\\User', 3, 'auth_token', 'e78eaacfcfd64bbc12c98c96266d97069d722b6d4c94f81c06f14fdc8bcba715', '[\"producerRole\"]', '2022-06-12 18:11:55', '2022-06-12 17:07:44', '2022-06-12 18:11:55'), (134, 'App\\Models\\User', 3, 'auth_token', 'bd3c9da99f2ae9c4cee4ab7f9282fbb502d31a09bd471cc3f5360ef3ac23dca2', '[\"producerRole\"]', '2022-06-12 18:20:50', '2022-06-12 18:20:03', '2022-06-12 18:20:50'), (135, 'App\\Models\\User', 3, 'auth_token', '670d72e5e49a4db867b48ed13a01d3c0d17887eb07269d79c41f0a211ced87bb', '[\"producerRole\"]', '2022-06-12 18:33:44', '2022-06-12 18:33:43', '2022-06-12 18:33:44'), (136, 'App\\Models\\User', 3, 'auth_token', '427e47e55fe1b79e03c935cd623954cc72287c887e2770976353be97b478aebc', '[\"producerRole\"]', '2022-06-12 19:58:47', '2022-06-12 18:35:23', '2022-06-12 19:58:47'), (137, 'App\\Models\\User', 3, 'auth_token', 'e65331a3cceb66090393491d89f7a389b70f80d22bd1863ce98ab99c6a4fa300', '[\"producerRole\"]', '2022-06-12 20:43:00', '2022-06-12 19:59:04', '2022-06-12 20:43:00'), (138, 'App\\Models\\User', 3, 'auth_token', '10f180ad18534226b1bd885a2b3261ebe2c9a08cccdc391542420ec3afaf4374', '[\"producerRole\"]', '2022-06-13 01:11:24', '2022-06-13 01:00:04', '2022-06-13 01:11:24'), (139, 'App\\Models\\User', 3, 'auth_token', '9e76eebd66c4af89fca5e1e22fb2d5a417c3b521c422a3d62a76ed1d7b99f897', '[\"producerRole\"]', '2022-06-13 01:39:59', '2022-06-13 01:21:18', '2022-06-13 01:39:59'), (140, 'App\\Models\\User', 3, 'auth_token', '2a24a1c5a274adb7cacd9a6c91d39840f07ec46e54bf641b0a860bc482deeb62', '[\"producerRole\"]', '2022-06-13 02:38:55', '2022-06-13 02:03:20', '2022-06-13 02:38:55'), (141, 'App\\Models\\User', 3, 'auth_token', '3f50131ab041bba438420a9b5d38438c6fa3fc1e5b57000b4b6c112767339c6e', '[\"producerRole\"]', '2022-06-13 02:41:22', '2022-06-13 02:39:35', '2022-06-13 02:41:22'), (142, 'App\\Models\\User', 3, 'auth_token', '84348c9391470ed3b3464b30726dfae1e3f6d0421c663efe1a562856ece677f0', '[\"producerRole\"]', '2022-06-13 03:03:42', '2022-06-13 02:44:43', '2022-06-13 03:03:42'), (143, 'App\\Models\\User', 3, 'auth_token', 'e14d62d2fff188d64e6767ebb8485e13441fda8e3c1d95e3bccde739f84734e9', '[\"producerRole\"]', '2022-06-13 03:19:48', '2022-06-13 03:18:17', '2022-06-13 03:19:48'), (144, 'App\\Models\\User', 3, 'auth_token', 'f5f72a6cce26c206dd65d4023374107d374df5dd54a619aace9cf06caf507aaf', '[\"producerRole\"]', '2022-06-13 03:33:00', '2022-06-13 03:32:29', '2022-06-13 03:33:00'), (145, 'App\\Models\\User', 3, 'auth_token', '5d3332a335ed40831e419e7693e2bdeab6b1bdd9b25bbe8bb14549adaa481b14', '[\"producerRole\"]', '2022-06-13 03:40:08', '2022-06-13 03:33:28', '2022-06-13 03:40:08'), (146, 'App\\Models\\User', 3, 'auth_token', '7d33e55649e0b8ce9b3a02898a911081fd1296dd8a5b36215bcfdd2015bc2852', '[\"producerRole\"]', '2022-06-13 04:15:56', '2022-06-13 03:56:18', '2022-06-13 04:15:56'), (147, 'App\\Models\\User', 3, 'auth_token', 'b0870a6c1e49f4ea11b48970353cb7fec70bf38e13cb498990e31ac1016635c7', '[\"producerRole\"]', '2022-06-13 04:31:05', '2022-06-13 04:16:22', '2022-06-13 04:31:05'), (148, 'App\\Models\\User', 3, 'auth_token', 'f6617417f68a777d6c5c72e52b8cd4b9afda5d1d1e5bbb8a30bf2b4b7dcd62d0', '[\"producerRole\"]', '2022-06-13 04:50:07', '2022-06-13 04:47:40', '2022-06-13 04:50:07'), (149, 'App\\Models\\User', 1, 'auth_token', '12d9a2722e64d29060d3e47cc5fec38969d5cf780ed9f67ddeb9dbeb6f16c7e9', '[\"workerRole\"]', '2022-06-13 04:52:58', '2022-06-13 04:52:57', '2022-06-13 04:52:58'), (150, 'App\\Models\\User', 1, 'auth_token', 'f72648c78995cd930af661694ac1e1272ef616425526ee072ca59749e47c3b86', '[\"workerRole\"]', '2022-06-13 05:16:10', '2022-06-13 05:06:31', '2022-06-13 05:16:10'), (151, 'App\\Models\\User', 1, 'auth_token', '300c8041bc543ffb96a29790e7202da8af92505a0f0adaa2b9c3e93e97a69976', '[\"workerRole\"]', '2022-06-13 08:44:33', '2022-06-13 08:40:43', '2022-06-13 08:44:33'), (152, 'App\\Models\\User', 1, 'auth_token', 'c538c5745fc4d32c8115f481666266789d2f8765fa71b6d75020d2b1632af99f', '[\"workerRole\"]', '2022-06-13 10:41:39', '2022-06-13 09:47:59', '2022-06-13 10:41:39'), (153, 'App\\Models\\User', 3, 'auth_token', '90552120baa79dbac09a99348e78e34006782e724115844e8cb018df1a77f357', '[\"producerRole\"]', '2022-06-13 11:23:38', '2022-06-13 11:23:37', '2022-06-13 11:23:38'), (154, 'App\\Models\\User', 1, 'auth_token', 'ab2893ac41f8dab7a9c61d4ff8872c0373fff618055079baabe6e110e66a98ca', '[\"workerRole\"]', '2022-06-13 11:44:13', '2022-06-13 11:23:55', '2022-06-13 11:44:13'), (155, 'App\\Models\\User', 1, 'auth_token', '6f088917b511b7ba8c98952e3c0d89a3f9f3a9b9a07031b2e7832eaf29fda3bb', '[\"workerRole\"]', '2022-06-13 11:45:52', '2022-06-13 11:45:51', '2022-06-13 11:45:52'), (156, 'App\\Models\\User', 1, 'auth_token', '8c4edb8a6ca9a93930b69b99d70c73cc9796b5fdf63c1566e595407d93a020d8', '[\"workerRole\"]', '2022-06-13 11:53:28', '2022-06-13 11:48:47', '2022-06-13 11:53:28'), (157, 'App\\Models\\User', 1, 'auth_token', '61eaa2612d3ee300184088645b942e7d962465836cbdfa7fe6ddaf198689a405', '[\"workerRole\"]', '2022-06-13 11:54:24', '2022-06-13 11:53:40', '2022-06-13 11:54:24'), (158, 'App\\Models\\User', 1, 'auth_token', '58f037970c0118116257a34d4e70b4b6b575ab7fa2d6aaee291fc516d558e1f2', '[\"workerRole\"]', '2022-06-13 11:55:06', '2022-06-13 11:54:44', '2022-06-13 11:55:06'), (159, 'App\\Models\\User', 1, 'auth_token', 'c371f92a3eb74bd0b7c6def3aeffa4e374803b68530a8e2b4ef2924f48a9cb96', '[\"workerRole\"]', '2022-06-13 12:06:58', '2022-06-13 12:00:09', '2022-06-13 12:06:58'), (160, 'App\\Models\\User', 1, 'auth_token', 'c23a472dd7b5682370ab9aae417056e100b0269f84e9af69005a7a0158c76db4', '[\"workerRole\"]', '2022-06-13 12:13:35', '2022-06-13 12:07:21', '2022-06-13 12:13:35'), (161, 'App\\Models\\User', 1, 'auth_token', 'b3ef564d9e37893bfd607d78dea56aa3bd6f8bf8e590fea1ac42f5e7ccaec0c7', '[\"workerRole\"]', '2022-06-13 12:15:33', '2022-06-13 12:14:15', '2022-06-13 12:15:33'), (162, 'App\\Models\\User', 1, 'auth_token', '5ebed6e690fc17e52694e4fb75d7e975b8a158ea79d9049b453d7615d9b3db6f', '[\"workerRole\"]', '2022-06-13 12:23:38', '2022-06-13 12:17:43', '2022-06-13 12:23:38'), (163, 'App\\Models\\User', 1, 'auth_token', '95d6a728e479d4cd11460d2a61927bf12430ba62bed06a6bc96c08612c009ee7', '[\"workerRole\"]', '2022-06-13 13:14:38', '2022-06-13 12:24:12', '2022-06-13 13:14:38'), (164, 'App\\Models\\User', 1, 'auth_token', '43a202ea04d74ee2910145cd2cee047e7206af8dc3ada901681c8c31cb98fce2', '[\"workerRole\"]', '2022-06-13 13:15:43', '2022-06-13 13:15:08', '2022-06-13 13:15:43'), (165, 'App\\Models\\User', 1, 'auth_token', 'f444de23b6e4d005b573ec00b76dfc6a091bdae5306167f6d77d11dc910d75f6', '[\"workerRole\"]', '2022-06-13 13:35:45', '2022-06-13 13:16:26', '2022-06-13 13:35:45'), (166, 'App\\Models\\User', 1, 'auth_token', '85f2a8ad8fabd279d4a5b6df31b8dbc032b4c556efc34af753fd595a444f0b49', '[\"workerRole\"]', '2022-06-13 14:40:45', '2022-06-13 13:37:05', '2022-06-13 14:40:45'), (167, 'App\\Models\\User', 1, 'auth_token', '18f877f8145151ed8a62e6546827b1c60358cad1ab79a1b48fd0d68bf46b11c5', '[\"workerRole\"]', '2022-06-13 14:44:49', '2022-06-13 14:40:59', '2022-06-13 14:44:49'), (168, 'App\\Models\\User', 1, 'auth_token', '5553fd238285d0df1c34202a35dc9e1d0f52279a9e17e30d86e090a8d9b96fc3', '[\"workerRole\"]', '2022-06-13 17:23:25', '2022-06-13 15:18:34', '2022-06-13 17:23:25'), (169, 'App\\Models\\User', 1, 'auth_token', 'ec23bdb410d31a21fab00eea7cd1f7a2000e2656a6605cb6ad25429ac69c7071', '[\"workerRole\"]', '2022-06-13 21:39:11', '2022-06-13 21:30:30', '2022-06-13 21:39:11'), (170, 'App\\Models\\User', 1, 'auth_token', '6a2d6cdd39022e3a3474531c38040aeb7e99c1c72ee27d34b79fee6f6bf21d5a', '[\"workerRole\"]', '2022-06-13 22:18:32', '2022-06-13 22:18:31', '2022-06-13 22:18:32'), (171, 'App\\Models\\User', 1, 'auth_token', '8ab2de01001a050f41a74ac7dbc1a030da1bfd6776673752b194fffafe152856', '[\"workerRole\"]', '2022-06-13 22:21:24', '2022-06-13 22:21:22', '2022-06-13 22:21:24'), (172, 'App\\Models\\User', 1, 'auth_token', 'ab06a775f20b880619389b41bf28da59526281f98a8ea5106f93520fced65fef', '[\"workerRole\"]', '2022-06-14 07:47:15', '2022-06-13 22:46:40', '2022-06-14 07:47:15'), (173, 'App\\Models\\User', 1, 'auth_token', 'd13f33d84f0678e729ae2c0705b97447f8affdad07d736996066c2395e79846e', '[\"workerRole\"]', '2022-06-14 09:18:13', '2022-06-14 07:47:32', '2022-06-14 09:18:13'), (174, 'App\\Models\\User', 1, 'auth_token', '24f120a5dcee47db9add1ceae7b4528a29a2bcbe82c74f3f4a61ff3926e6e33c', '[\"workerRole\"]', '2022-06-14 09:19:29', '2022-06-14 09:18:51', '2022-06-14 09:19:29'), (175, 'App\\Models\\User', 1, 'auth_token', '8559e8f40e8c0e89ed9615ab6d0e85c685afd87b96ad02e46e3af8a8dfc65ac0', '[\"workerRole\"]', '2022-06-14 09:24:53', '2022-06-14 09:20:06', '2022-06-14 09:24:53'), (176, 'App\\Models\\User', 1, 'auth_token', 'bd10d23bce86533e44d61d98a89bd0719fafe820ed59509464018f46720888a3', '[\"workerRole\"]', '2022-06-14 09:28:58', '2022-06-14 09:26:13', '2022-06-14 09:28:58'), (177, 'App\\Models\\User', 1, 'auth_token', 'db0effdf5cac7ed3ea4b43eade1744e236b0c40dd62292d85649aef76f842092', '[\"workerRole\"]', '2022-06-14 09:31:36', '2022-06-14 09:30:44', '2022-06-14 09:31:36'), (178, 'App\\Models\\User', 1, 'auth_token', '5fa6f8c3a542c7bbfb5a976dfb3ab01ecb35ea0a1989f972026de6252ff67044', '[\"workerRole\"]', '2022-06-15 05:39:10', '2022-06-15 05:23:37', '2022-06-15 05:39:10'), (179, 'App\\Models\\User', 1, 'auth_token', 'fec4bfe069823dddb44efef645093f5d45eb332e6fbc9f4f2123c12fb92c1ee8', '[\"workerRole\"]', '2022-06-15 05:39:57', '2022-06-15 05:39:52', '2022-06-15 05:39:57'), (180, 'App\\Models\\User', 1, 'auth_token', 'cd1e1a5cd27f3a977f879d42d81eca937d1f4250439f21299720054977b0e2d4', '[\"workerRole\"]', '2022-06-15 06:10:55', '2022-06-15 05:41:06', '2022-06-15 06:10:55'), (181, 'App\\Models\\User', 1, 'auth_token', '0938a7a07936cb7d4393fc658cdfdd531962d15cbe4c2d6e290a53ced74808f1', '[\"workerRole\"]', '2022-06-15 07:53:32', '2022-06-15 07:29:10', '2022-06-15 07:53:32'), (182, 'App\\Models\\User', 1, 'auth_token', '7134238ab575c155e2a2afcfef9393b957ae357dc0d6709985c5b59c25f7ecd7', '[\"workerRole\"]', '2022-06-15 09:01:18', '2022-06-15 08:19:06', '2022-06-15 09:01:18'), (183, 'App\\Models\\User', 1, 'auth_token', 'a1f2fc6a8c98cdfd04ce2ad1e7a9c1711152790b9fbdc29eeb1cfb10bc0b872f', '[\"workerRole\"]', '2022-06-15 09:06:54', '2022-06-15 09:01:59', '2022-06-15 09:06:54'), (184, 'App\\Models\\User', 1, 'auth_token', '6bb70816456d2f155881cc0dbe0fde75bb356c4cbaef91c0d82d72ed94893d4d', '[\"workerRole\"]', '2022-06-15 09:07:46', '2022-06-15 09:07:38', '2022-06-15 09:07:46'), (185, 'App\\Models\\User', 1, 'auth_token', 'ddbac25988b854d77ffa64c235ade552dadac056214926158afe3c51fd42d043', '[\"workerRole\"]', '2022-06-15 09:09:12', '2022-06-15 09:09:04', '2022-06-15 09:09:12'), (186, 'App\\Models\\User', 1, 'auth_token', '77fc1072f724bc7ae98b74d14daf2b2d18ef2d4e96f6a9dd37774e388ae7bc10', '[\"workerRole\"]', '2022-06-15 09:09:58', '2022-06-15 09:09:48', '2022-06-15 09:09:58'), (187, 'App\\Models\\User', 1, 'auth_token', 'ce752d29a3e31b2c6c63f4d3842057c9f47e09fffdc2ea84113a51b132e50c0f', '[\"workerRole\"]', '2022-06-15 09:28:41', '2022-06-15 09:10:43', '2022-06-15 09:28:41'), (188, 'App\\Models\\User', 1, 'auth_token', '2a3323a203153bed94caae87165c6cef55bba623bbb6d7456053ef907a19b339', '[\"workerRole\"]', '2022-06-15 09:29:24', '2022-06-15 09:29:17', '2022-06-15 09:29:24'), (189, 'App\\Models\\User', 1, 'auth_token', '62d07a4813a606f2c7dbf5bd1894f628e3e69e3fd641b1ef21ce706f1cdaf535', '[\"workerRole\"]', '2022-06-15 20:12:53', '2022-06-15 20:06:24', '2022-06-15 20:12:53'), (190, 'App\\Models\\User', 1, 'auth_token', 'ca1a87b691454aa74e711ec9673c730d612327de49efef045476a9adc5a1cb9f', '[\"workerRole\"]', '2022-06-16 07:57:14', '2022-06-16 07:56:33', '2022-06-16 07:57:14'), (191, 'App\\Models\\User', 1, 'auth_token', '97525437fd7161c28c358498052ad30e16f4b308f24e16f87c1f3791ca6bdb1d', '[\"workerRole\"]', '2022-06-16 08:06:17', '2022-06-16 08:05:01', '2022-06-16 08:06:17'), (192, 'App\\Models\\User', 1, 'auth_token', '1c995c6875779bd07175cab952ba61fa692e47a4c5ddba88fea46086c5b43012', '[\"workerRole\"]', '2022-06-16 08:15:24', '2022-06-16 08:07:39', '2022-06-16 08:15:24'), (193, 'App\\Models\\User', 1, 'auth_token', '295c4ae8b1f4ceae23576cf888fb3257489fb7c4a4d6cca98800647cb226f871', '[\"workerRole\"]', '2022-06-16 08:22:56', '2022-06-16 08:16:41', '2022-06-16 08:22:56'), (194, 'App\\Models\\User', 1, 'auth_token', '5564102bd86b3d8e056e210408ebc57cf8b368175c0f75eb749dccb4156c1788', '[\"workerRole\"]', '2022-06-16 08:28:28', '2022-06-16 08:24:05', '2022-06-16 08:28:28'), (195, 'App\\Models\\User', 1, 'auth_token', '485f2ea436f3cc26240c3c17f3c4768ee123bf99a00f3d4ab14553249fb20170', '[\"workerRole\"]', '2022-06-16 09:06:44', '2022-06-16 08:30:05', '2022-06-16 09:06:44'), (196, 'App\\Models\\User', 1, 'auth_token', '1a7a56dbc49c8ed3ab2c4a88b3648a232b4ad929ef9da815ded02491e353f44a', '[\"workerRole\"]', '2022-06-16 09:12:40', '2022-06-16 09:07:04', '2022-06-16 09:12:40'), (197, 'App\\Models\\User', 1, 'auth_token', '661e2609efc02df38ddc85726f3519eba5a4a44343997c07bc279796e588fdae', '[\"workerRole\"]', '2022-06-16 09:28:57', '2022-06-16 09:25:41', '2022-06-16 09:28:57'), (198, 'App\\Models\\User', 1, 'auth_token', '61b1b3ab8cc6dc5de590425184e8fa4c81a58d86922ae4a55ee5685542d6900f', '[\"workerRole\"]', '2022-06-16 10:09:24', '2022-06-16 10:06:36', '2022-06-16 10:09:24'), (199, 'App\\Models\\User', 1, 'auth_token', '1e3bdfed3e71515df8adf0b394a3590a1c846c3f158b3c8d7c6e636766e90d84', '[\"workerRole\"]', '2022-06-16 10:37:55', '2022-06-16 10:35:59', '2022-06-16 10:37:55'), (200, 'App\\Models\\User', 1, 'auth_token', 'b14aaa053e76c0f7b5ac494639a62646977a74d19e90da7768c5ba0e4b86fa64', '[\"workerRole\"]', '2022-06-16 10:46:16', '2022-06-16 10:38:29', '2022-06-16 10:46:16'), (201, 'App\\Models\\User', 1, 'auth_token', '29ff3a54c1ebd530a3573d129c19f9ca332d72280358f085037e42f86e5e2e99', '[\"workerRole\"]', '2022-06-16 10:47:27', '2022-06-16 10:47:21', '2022-06-16 10:47:27'), (202, 'App\\Models\\User', 1, 'auth_token', 'da9ed705060b1f1951212ef15fc32038341d63376e5100db1e2e1738926c457f', '[\"workerRole\"]', '2022-06-16 11:03:06', '2022-06-16 11:02:24', '2022-06-16 11:03:06'), (203, 'App\\Models\\User', 1, 'auth_token', 'bbf8c4fa06456cd9ae0aedca3d438aceb86c6cd7323b451d086c31af33c634f6', '[\"workerRole\"]', '2022-06-16 11:31:54', '2022-06-16 11:04:46', '2022-06-16 11:31:54'), (204, 'App\\Models\\User', 1, 'auth_token', '380c4debf300d396588fae67aceb4d8c4d6268a231f3a1bb55883f93a5d2f0f9', '[\"workerRole\"]', '2022-06-16 12:55:06', '2022-06-16 11:34:58', '2022-06-16 12:55:06'), (205, 'App\\Models\\User', 1, 'auth_token', 'b18b06efa11f49a5f8d34bf50a94ca8ce185a1e6d2105844301ff29ca0d8b318', '[\"workerRole\"]', '2022-06-16 12:56:04', '2022-06-16 12:55:20', '2022-06-16 12:56:04'), (206, 'App\\Models\\User', 1, 'auth_token', '2da80818ca19b0b2e30a9acb4577c4f75b8c0381d94f6e726a5bd15a2d18794c', '[\"workerRole\"]', '2022-06-16 13:09:26', '2022-06-16 13:03:18', '2022-06-16 13:09:26'), (207, 'App\\Models\\User', 3, 'auth_token', '7fcdcb4cbc6bc67899d962bb978efa3cf378192b4e00a246fa53faf319d11dfd', '[\"producerRole\"]', '2022-06-16 13:18:37', '2022-06-16 13:10:15', '2022-06-16 13:18:37'), (208, 'App\\Models\\User', 3, 'auth_token', '8d9dedbdf917a37e44ac9e8f482367450f22d8bce85224597c04c5626c8b3dca', '[\"producerRole\"]', '2022-06-16 16:54:06', '2022-06-16 13:19:54', '2022-06-16 16:54:06'), (209, 'App\\Models\\User', 3, 'auth_token', '2034bdc6f590bddc8a4acd37814d978316e53d140d06a395b3a475a3d397e9fc', '[\"producerRole\"]', '2022-06-17 00:53:55', '2022-06-17 00:41:11', '2022-06-17 00:53:55'), (210, 'App\\Models\\User', 1, 'auth_token', '0318bd55df7562cec52ab2a56d3189f3b9ea2cc4bf4798f3b4d1b4b4e2a21461', '[\"workerRole\"]', '2022-06-17 00:52:19', '2022-06-17 00:43:00', '2022-06-17 00:52:19'), (211, 'App\\Models\\User', 3, 'auth_token', '4cd92af673683c19f96483386af9b57f371a2ffa03fa3d5287dad201f3edceb3', '[\"producerRole\"]', '2022-06-17 01:10:38', '2022-06-17 01:03:32', '2022-06-17 01:10:38'), (212, 'App\\Models\\User', 3, 'auth_token', 'd29c60a8078a6eaacda8b7266dd762e3ee56757d3ec1c5bd1dc9a3bbc68e0229', '[\"producerRole\"]', '2022-06-17 01:52:55', '2022-06-17 01:18:47', '2022-06-17 01:52:55'), (213, 'App\\Models\\User', 3, 'auth_token', 'b2a4d4e45b105151286196db96ecfc1a3e73310820af022ebf7fa54c2e148c00', '[\"producerRole\"]', '2022-06-17 01:56:34', '2022-06-17 01:53:43', '2022-06-17 01:56:34'), (214, 'App\\Models\\User', 3, 'auth_token', 'f44f9fca0d92a6083a805aae584823df31fcc4e45f3cc8e5a84d7108e7ac5b53', '[\"producerRole\"]', '2022-06-17 01:59:06', '2022-06-17 01:58:57', '2022-06-17 01:59:06'), (215, 'App\\Models\\User', 3, 'auth_token', 'b965f7244ba369ae894e83a63d83c49a97078d15066d08c39a48f31f5c59e5db', '[\"producerRole\"]', '2022-06-17 02:13:24', '2022-06-17 02:00:25', '2022-06-17 02:13:24'), (216, 'App\\Models\\User', 3, 'auth_token', '48446c2138ea2a3bc1c5f9875995d33f14b28d0aed41eb9f0755ae7fc9f7eb10', '[\"producerRole\"]', '2022-06-17 02:04:56', '2022-06-17 02:04:07', '2022-06-17 02:04:56'), (217, 'App\\Models\\User', 3, 'auth_token', 'ca9705eb40c777b6f1618d504bacbe66e47906c1d9be4827b4c02f036121ef87', '[\"producerRole\"]', '2022-06-17 02:19:05', '2022-06-17 02:18:51', '2022-06-17 02:19:05'), (218, 'App\\Models\\User', 3, 'auth_token', '4ec30ae147430356a003ebb8187e84e3127afafb1cfae935d1a68038e1b328b3', '[\"producerRole\"]', '2022-06-17 03:23:49', '2022-06-17 02:21:38', '2022-06-17 03:23:49'), (219, 'App\\Models\\User', 1, 'auth_token', 'bbcbd4e37c49935fec51d6ec9d821a2247f540ef1518a22f9774979c285e8dfc', '[\"workerRole\"]', '2022-06-17 04:11:47', '2022-06-17 03:24:25', '2022-06-17 04:11:47'), (220, 'App\\Models\\User', 1, 'auth_token', '30f32c2a72049f118d80b5141d0a673d1928e35f44ae23c6433f5f7f8bd103f0', '[\"workerRole\"]', '2022-06-17 04:10:31', '2022-06-17 04:10:30', '2022-06-17 04:10:31'), (221, 'App\\Models\\User', 1, 'auth_token', 'afa660b2f5ce87a9ae2bc7e4a0371da64372ccf9f978aeacc225c29629f98254', '[\"workerRole\"]', '2022-06-17 04:20:29', '2022-06-17 04:20:28', '2022-06-17 04:20:29'), (222, 'App\\Models\\User', 1, 'auth_token', '1992e223b4dad5f5c7f36d3770b33a722c9cd677b714b2da63705663606c6143', '[\"workerRole\"]', '2022-06-17 04:24:00', '2022-06-17 04:23:58', '2022-06-17 04:24:00'), (223, 'App\\Models\\User', 1, 'auth_token', '1024db83e3a6da259739eff09535262b458666b4304df5d74be55bf47b26526d', '[\"workerRole\"]', '2022-06-17 09:09:36', '2022-06-17 04:48:29', '2022-06-17 09:09:36'), (224, 'App\\Models\\User', 1, 'auth_token', '663b7c3c197fb8f7b4765b58c6626334c211a96ad39b773c070819fb331443c1', '[\"workerRole\"]', '2022-06-17 09:26:14', '2022-06-17 09:26:13', '2022-06-17 09:26:14'), (225, 'App\\Models\\User', 1, 'auth_token', '3ab3c7f1b13fb29d4b6dc09dcb35c2016438e5e834812971fce2e220a5fefe16', '[\"workerRole\"]', '2022-06-17 09:29:10', '2022-06-17 09:29:09', '2022-06-17 09:29:10'), (226, 'App\\Models\\User', 1, 'auth_token', 'f682779319d98621ac7cb5d1403c4bf4f8174633039feaeb55398081afd82400', '[\"workerRole\"]', '2022-06-17 09:50:18', '2022-06-17 09:38:51', '2022-06-17 09:50:18'), (227, 'App\\Models\\User', 1, 'auth_token', 'd9eb0d4f5eda31a8cfca4bde5c765ddee1d9ea9e4b3df3b3f035c859740f49ed', '[\"workerRole\"]', '2022-06-17 09:50:17', '2022-06-17 09:43:10', '2022-06-17 09:50:17'), (228, 'App\\Models\\User', 1, 'auth_token', 'c6608fe00f05da4fce256e4c5d2bc30309ab32d14b97ea11c23d50f3ba88aba9', '[\"workerRole\"]', '2022-06-17 09:46:53', '2022-06-17 09:46:51', '2022-06-17 09:46:53'), (229, 'App\\Models\\User', 1, 'auth_token', 'e8eb642169ac0fd03c086a5ea23e13988c8a445435e82cee3f8ae7bec7ad0bbe', '[\"workerRole\"]', '2022-06-17 09:49:31', '2022-06-17 09:49:29', '2022-06-17 09:49:31'), (230, 'App\\Models\\User', 1, 'auth_token', '8ede5e08b712021d3d5758a5f3be7dafc5da1cf66872970ff8d0cd1b660bea60', '[\"workerRole\"]', '2022-06-17 09:50:48', '2022-06-17 09:50:47', '2022-06-17 09:50:48'), (231, 'App\\Models\\User', 1, 'auth_token', '192b31f345609410274c9df850ec7c49b48e34abcd4eb16382f580a396441ffa', '[\"workerRole\"]', '2022-06-17 09:52:26', '2022-06-17 09:52:07', '2022-06-17 09:52:26'), (232, 'App\\Models\\User', 1, 'auth_token', '627a963bc4ef7f9b4cdaca73e8456919b1718535aa8792d981d87b1e92302eea', '[\"workerRole\"]', '2022-06-17 09:55:03', '2022-06-17 09:53:01', '2022-06-17 09:55:03'), (233, 'App\\Models\\User', 1, 'auth_token', '837e8c51af27b3fc2f6c16cdfa1bb506b47cc32c7100325f8c28aa16341f68da', '[\"workerRole\"]', '2022-06-17 09:56:26', '2022-06-17 09:55:35', '2022-06-17 09:56:26'), (234, 'App\\Models\\User', 1, 'auth_token', '1bb10d9f1c660c261c8ee0daf0153eb5082fc28a2c83f162125fcda308df5577', '[\"workerRole\"]', '2022-06-17 09:57:38', '2022-06-17 09:57:20', '2022-06-17 09:57:38'), (235, 'App\\Models\\User', 1, 'auth_token', '9d360e141268f4b20eb34d5eaf25fdc2f40e98b893e1df0c56a3694e47e0425c', '[\"workerRole\"]', '2022-06-17 10:00:04', '2022-06-17 09:57:56', '2022-06-17 10:00:04'), (236, 'App\\Models\\User', 1, 'auth_token', '535b7bf3f3d9c5310ccf8c283f367c626fb6c7c16dd2470ac049408c63d48273', '[\"workerRole\"]', '2022-06-17 10:00:35', '2022-06-17 10:00:34', '2022-06-17 10:00:35'), (237, 'App\\Models\\User', 1, 'auth_token', '09fe083c29d16dbab6d9728e0892572aba4cfb2d7fadaa2c2b9254ef2dd2e1a9', '[\"workerRole\"]', '2022-06-17 10:14:11', '2022-06-17 10:01:37', '2022-06-17 10:14:11'), (238, 'App\\Models\\User', 1, 'auth_token', '2cb77da4d45d02799ebf40980adb0a919b439a990c5a8fc43c5cbb46893aa8aa', '[\"workerRole\"]', '2022-06-17 10:15:32', '2022-06-17 10:14:57', '2022-06-17 10:15:32'), (239, 'App\\Models\\User', 1, 'auth_token', '9cc8e5bdd4c1aeda6fc280a6adf5dfbbf4dafe6e3b36258695feff8a75c8f18c', '[\"workerRole\"]', '2022-06-17 10:18:36', '2022-06-17 10:15:54', '2022-06-17 10:18:36'), (240, 'App\\Models\\User', 1, 'auth_token', '52c430e954f48277d54b22fc3551f8c0c5491436edcfa35ba811d2ec24ecaad7', '[\"workerRole\"]', '2022-06-17 10:27:57', '2022-06-17 10:18:55', '2022-06-17 10:27:57'), (241, 'App\\Models\\User', 1, 'auth_token', '2fc1a951b5eaffa9a38ee93af2234e97dd0abb86726b4659f35aacaa583031ca', '[\"workerRole\"]', '2022-06-17 10:44:30', '2022-06-17 10:44:28', '2022-06-17 10:44:30'), (242, 'App\\Models\\User', 1, 'auth_token', 'f4ed793988d0b0e9f7c073de45803d7458e518f81a92c7ed3a30ee4f7949b937', '[\"workerRole\"]', '2022-06-17 11:32:03', '2022-06-17 10:50:00', '2022-06-17 11:32:03'), (243, 'App\\Models\\User', 1, 'auth_token', '0d41982cf404f18a61ae1f543e0b4e3b19c85724cce036c13671e5140286d7ce', '[\"workerRole\"]', '2022-06-17 12:34:28', '2022-06-17 11:33:06', '2022-06-17 12:34:28'), (244, 'App\\Models\\User', 3, 'auth_token', 'f59870ab9704dfd5af59a0ccdecf5b8b3d4c12189e1c02a371111df100a917ce', '[\"producerRole\"]', '2022-06-17 12:41:56', '2022-06-17 12:34:46', '2022-06-17 12:41:56'), (245, 'App\\Models\\User', 3, 'auth_token', 'b15fdc42813980437e8dc16e3cfd75fa031d3cc528b66e1a3852680f5dca4b84', '[\"producerRole\"]', '2022-06-17 12:51:22', '2022-06-17 12:42:08', '2022-06-17 12:51:22'), (246, 'App\\Models\\User', 3, 'auth_token', '79d0f3231ba3c2fa73d18b94dc192fe13930450eb80277bb29f9c878d713e0f3', '[\"producerRole\"]', '2022-06-17 12:59:12', '2022-06-17 12:58:16', '2022-06-17 12:59:12'), (247, 'App\\Models\\User', 3, 'auth_token', '6be14ddf1cc6ebcff1f7426a81d92b56b3c6b1d008ab85080b1c93695c0d90fe', '[\"producerRole\"]', '2022-06-17 13:07:08', '2022-06-17 13:07:06', '2022-06-17 13:07:08'), (248, 'App\\Models\\User', 3, 'auth_token', 'd0551cba9a7c3eaf6d36cd99cfa9d883446e0205a60fcf6fc953296e4e34568f', '[\"producerRole\"]', '2022-06-17 14:24:48', '2022-06-17 13:07:07', '2022-06-17 14:24:48'), (249, 'App\\Models\\User', 3, 'auth_token', '52a78c23e6f11839f1ec43451c2912901e35d110fcfdadb6305ba2cd3f4bb3eb', '[\"producerRole\"]', '2022-06-17 14:35:05', '2022-06-17 14:32:42', '2022-06-17 14:35:05'), (250, 'App\\Models\\User', 3, 'auth_token', '539f745874ffefcbb9ebd332fe06d654373f9496d6c03f4a9f5eb56974f069fa', '[\"producerRole\"]', '2022-06-17 14:51:04', '2022-06-17 14:35:56', '2022-06-17 14:51:04'), (251, 'App\\Models\\User', 1, 'auth_token', 'af3defdb09995ba83f663005367b93a462d5e0708bb80e4b08f1fc5ad6afeb10', '[\"workerRole\"]', '2022-06-17 15:03:31', '2022-06-17 14:51:25', '2022-06-17 15:03:31'), (252, 'App\\Models\\User', 3, 'auth_token', '47ab34294ae8a18d633f5871af820999dadd4eb14aa519c446b806b8175a2fd6', '[\"producerRole\"]', '2022-06-17 15:03:46', '2022-06-17 15:03:44', '2022-06-17 15:03:46'), (253, 'App\\Models\\User', 3, 'auth_token', 'b7c65980c57d4e54977504d9b497c15adff74f79f54650f71b04fbc7dedc123f', '[\"producerRole\"]', '2022-06-17 15:18:59', '2022-06-17 15:17:03', '2022-06-17 15:18:59'), (254, 'App\\Models\\User', 3, 'auth_token', 'fb4ea54a0ff87509169cae28bcd8db3b53200e25062b15b6ed3ebc75accb4bc3', '[\"producerRole\"]', '2022-06-17 15:24:50', '2022-06-17 15:24:49', '2022-06-17 15:24:50'), (255, 'App\\Models\\User', 3, 'auth_token', '58dc1a91a684fb81c023e1b8a273721edd08345047aee9e88dcdcccd323e3f0b', '[\"producerRole\"]', '2022-06-22 01:22:23', '2022-06-22 01:14:58', '2022-06-22 01:22:23'), (256, 'App\\Models\\User', 3, 'auth_token', '185d0bac6b307770fa80df103fa4524b4b8b42caba5ebe0dc9a4c0a79240971a', '[\"producerRole\"]', '2022-06-22 01:25:22', '2022-06-22 01:23:05', '2022-06-22 01:25:22'), (257, 'App\\Models\\User', 3, 'auth_token', '5d1f0544b49bc0db3bf4e292198a230eeba30e0ae24849e4d36f5ef259c34f2a', '[\"producerRole\"]', '2022-06-22 01:26:58', '2022-06-22 01:26:56', '2022-06-22 01:26:58'), (258, 'App\\Models\\User', 3, 'auth_token', '96c0494db6ccba6efd34fdcb7f73649ce6d555f49939a8a94b3fde6698a017a7', '[\"producerRole\"]', '2022-06-22 02:01:40', '2022-06-22 01:31:03', '2022-06-22 02:01:40'), (259, 'App\\Models\\User', 3, 'auth_token', 'cf89e659ae500abbd35856b45d7f139f55329c6311be4890c04201bfe596a35b', '[\"producerRole\"]', '2022-06-22 02:17:53', '2022-06-22 02:02:24', '2022-06-22 02:17:53'), (260, 'App\\Models\\User', 3, 'auth_token', '73c4400e1d762f61110ae454874bb4c5d3a26e3207942d987a6719a10261b81d', '[\"producerRole\"]', '2022-06-22 02:28:51', '2022-06-22 02:23:41', '2022-06-22 02:28:51'), (261, 'App\\Models\\User', 3, 'auth_token', 'ca792bdf85e69cf905ee9ff4456be97beba672a3712fd681ab9e66f70264ca8b', '[\"producerRole\"]', '2022-06-22 03:24:01', '2022-06-22 02:29:14', '2022-06-22 03:24:01'), (262, 'App\\Models\\User', 3, 'auth_token', '0d95555cd8b91e45bc08ffb74ae2dbf9a74133d65ac5555e09038b5b7f467854', '[\"producerRole\"]', '2022-06-22 03:51:02', '2022-06-22 03:26:01', '2022-06-22 03:51:02'), (263, 'App\\Models\\User', 3, 'auth_token', 'aa6ccd8f048529dc444178fbc982c04176e5b7afb4ffa38e625305b65753f3b4', '[\"producerRole\"]', '2022-06-22 04:03:05', '2022-06-22 03:51:19', '2022-06-22 04:03:05'), (264, 'App\\Models\\User', 3, 'auth_token', '779c6fc5922f9a1d77469cbf1620ab1246e3d8620f962e3ea9c7be8d1c9357ed', '[\"producerRole\"]', '2022-06-22 04:30:38', '2022-06-22 04:04:26', '2022-06-22 04:30:38'), (265, 'App\\Models\\User', 3, 'auth_token', '9798e42505bd6c9d7dce93dbbfc718298f889b74c31ce9f51b9b8cfae03fce38', '[\"producerRole\"]', '2022-06-22 04:32:18', '2022-06-22 04:30:55', '2022-06-22 04:32:18'), (266, 'App\\Models\\User', 3, 'auth_token', 'cc14e475e5927f24c30d50f74fc15318f5a2e4478999ad6dcfbc1faaa97e6c71', '[\"producerRole\"]', '2022-06-22 04:36:01', '2022-06-22 04:33:43', '2022-06-22 04:36:01'), (267, 'App\\Models\\User', 3, 'auth_token', '0bcd8a491acfec24deab589f160a2c9b35c23eae04e711dded1ff16e25cb116e', '[\"producerRole\"]', '2022-06-22 04:37:58', '2022-06-22 04:36:39', '2022-06-22 04:37:58'), (268, 'App\\Models\\User', 1, 'auth_token', '6fefeb952c01448fc348e1c7e60a75043fbefa1449e5038382343aa8b029ab19', '[\"workerRole\"]', '2022-06-22 04:39:29', '2022-06-22 04:38:18', '2022-06-22 04:39:29'), (269, 'App\\Models\\User', 3, 'auth_token', '403560d66d7532320fd17d7dcac770f43fdcd3be697db25ceead9684954084b0', '[\"producerRole\"]', '2022-06-22 04:42:46', '2022-06-22 04:40:39', '2022-06-22 04:42:46'), (270, 'App\\Models\\User', 1, 'auth_token', '63fc3538d160bb51ced1803a36f48e1315a1b9cc238ccd8d0668ff8f3a3983ce', '[\"workerRole\"]', '2022-06-22 05:07:33', '2022-06-22 04:43:08', '2022-06-22 05:07:33'), (271, 'App\\Models\\User', 1, 'auth_token', 'f25a5d6c3bce149c04badd93f7ddd725324a401fd4e01d644b6fbdc5e212393e', '[\"workerRole\"]', '2022-06-22 05:10:56', '2022-06-22 05:08:04', '2022-06-22 05:10:56'), (272, 'App\\Models\\User', 1, 'auth_token', '101c37c5987cfd75879802cc07bec0009e96ffcf82ae118122c5fe90150af3de', '[\"workerRole\"]', '2022-06-22 05:32:40', '2022-06-22 05:21:02', '2022-06-22 05:32:40'), (273, 'App\\Models\\User', 1, 'auth_token', 'd65d176c8ae40047522da060e68dfa533b6156b19d81b6f9550a16478f334d30', '[\"workerRole\"]', '2022-06-22 05:41:18', '2022-06-22 05:33:48', '2022-06-22 05:41:18'), (274, 'App\\Models\\User', 1, 'auth_token', 'e732164fec8f12ecbe335a042d602c1ae6851c5c4572704359bba2dfdbe1dcad', '[\"workerRole\"]', '2022-06-22 05:51:35', '2022-06-22 05:42:34', '2022-06-22 05:51:35'), (275, 'App\\Models\\User', 3, 'auth_token', '8ec7cecb231743db0011d0eb18feb3f0a53c449d7824281303dfb61e93b5271e', '[\"producerRole\"]', '2022-06-22 05:56:17', '2022-06-22 05:51:54', '2022-06-22 05:56:17'), (276, 'App\\Models\\User', 3, 'auth_token', 'ef669731826609e67800e26a8d1c039174898457d9e87aba91017e07cc1894ad', '[\"producerRole\"]', '2022-06-22 08:33:04', '2022-06-22 06:15:49', '2022-06-22 08:33:04'), (277, 'App\\Models\\User', 3, 'auth_token', '559baf501ecd98d0721ec23034656274ef5afa1f9d57e9c1b4cd60b43d415406', '[\"producerRole\"]', '2022-06-22 06:21:34', '2022-06-22 06:19:22', '2022-06-22 06:21:34'), (278, 'App\\Models\\User', 3, 'auth_token', 'd03b250372cd3d8bda7c3b61b1e197f27789638498d58a78f8e772b484bffe9c', '[\"producerRole\"]', '2022-06-22 06:59:04', '2022-06-22 06:21:53', '2022-06-22 06:59:04'), (279, 'App\\Models\\User', 3, 'auth_token', 'be4415f2c43ed30447478220fbd9c61910d3fda7dfee75e81af46cdbe5440733', '[\"producerRole\"]', '2022-06-22 08:39:36', '2022-06-22 07:10:40', '2022-06-22 08:39:36'), (280, 'App\\Models\\User', 3, 'auth_token', 'aa22856cd09dcfdc32e96ff667e5710e9ed45828ed3cad1d1f4dbe81099b3e54', '[\"producerRole\"]', '2022-06-22 09:16:53', '2022-06-22 08:40:06', '2022-06-22 09:16:53'), (281, 'App\\Models\\User', 3, 'auth_token', 'eb853c7d5212fcaea7d39b7f2000c2b7b20717dbabe85ab79d2e7cc5b3f06420', '[\"producerRole\"]', '2022-06-22 09:30:37', '2022-06-22 09:26:50', '2022-06-22 09:30:37'), (282, 'App\\Models\\User', 3, 'auth_token', '1925b8dce8545d6aa6d26c8372db66cfa655090307b10c3c11539da7036d45b5', '[\"producerRole\"]', '2022-06-22 10:48:19', '2022-06-22 10:46:01', '2022-06-22 10:48:19'), (283, 'App\\Models\\User', 3, 'auth_token', '2ee335a3b2cbebddbad610e85fc15aace116908addf738166e128e4e3f3e13a0', '[\"producerRole\"]', '2022-06-22 11:09:14', '2022-06-22 10:56:49', '2022-06-22 11:09:14'), (284, 'App\\Models\\User', 3, 'auth_token', '087833b113a2f7988af6bb651a3c6c89a559a8d71e6ee4f14d5efffc4f793442', '[\"producerRole\"]', '2022-06-22 11:16:55', '2022-06-22 11:01:37', '2022-06-22 11:16:55'), (285, 'App\\Models\\User', 3, 'auth_token', '0cdb36a1a315181c3a14a5b94f0f09fe8306bcabd0ceea2b32778956adf5a146', '[\"producerRole\"]', '2022-06-22 11:47:25', '2022-06-22 11:39:13', '2022-06-22 11:47:25'), (286, 'App\\Models\\User', 3, 'auth_token', 'e67417d79f5d10080f2dab2af1824a9d971285e0757c9529e6d28abe39f3eda5', '[\"producerRole\"]', '2022-06-22 11:58:47', '2022-06-22 11:47:46', '2022-06-22 11:58:47'), (287, 'App\\Models\\User', 3, 'auth_token', '7b793b94f78c1d16c7fecfe29ae13a0defcb981e8ae4db078450046412a37847', '[\"producerRole\"]', '2022-06-22 11:49:17', '2022-06-22 11:49:16', '2022-06-22 11:49:17'), (288, 'App\\Models\\User', 3, 'auth_token', '698edc1d81c851280ff15374f394f213a50e4a0d629954d305ebdda5244273a3', '[\"producerRole\"]', '2022-06-22 19:03:46', '2022-06-22 18:59:48', '2022-06-22 19:03:46'), (289, 'App\\Models\\User', 3, 'auth_token', '6037c739e4ec49ea541bb1172b0887f3eb96dfaf938ba29f2145bd8246e515d4', '[\"producerRole\"]', '2022-06-22 19:23:55', '2022-06-22 19:14:58', '2022-06-22 19:23:55'), (290, 'App\\Models\\User', 3, 'auth_token', 'f34849c815baa8d4c02d58fa2e04124f883b216c62b67507c92b5f0465643977', '[\"producerRole\"]', '2022-06-22 20:03:54', '2022-06-22 19:36:45', '2022-06-22 20:03:54'), (291, 'App\\Models\\User', 3, 'auth_token', '7eacd9c52eeca1756cf89a922d58f098e909750887d60dcab0bafc232ae16d1a', '[\"producerRole\"]', '2022-06-22 19:46:13', '2022-06-22 19:45:59', '2022-06-22 19:46:13'), (292, 'App\\Models\\User', 3, 'auth_token', 'e2031503de0da09f54b81d9804718ede74b0843e8bb69e776e158f3651ab17a7', '[\"producerRole\"]', '2022-06-22 19:52:42', '2022-06-22 19:51:52', '2022-06-22 19:52:42'), (293, 'App\\Models\\User', 3, 'auth_token', 'b37023fc0784d62cd78a1282388dd82cc799c2b42ccb9b4fa2bf2d1278e05262', '[\"producerRole\"]', '2022-06-22 19:54:49', '2022-06-22 19:53:51', '2022-06-22 19:54:49'), (294, 'App\\Models\\User', 3, 'auth_token', '83a3b75e49d8ea18503f18ef0fa2b49762be6cc45ed4a491d3d7f4ff676fb88c', '[\"producerRole\"]', '2022-06-22 19:58:14', '2022-06-22 19:55:17', '2022-06-22 19:58:14'), (295, 'App\\Models\\User', 3, 'auth_token', 'b636c4d411759bf1ab1fde7e7cdc3fccb93443d3086f20f6b77ac100b0561154', '[\"producerRole\"]', '2022-06-22 20:03:26', '2022-06-22 19:58:44', '2022-06-22 20:03:26'), (296, 'App\\Models\\User', 3, 'auth_token', 'fb6b9547bbdbc95c073f67175fc0e91398c6f46e2a672f01ffc3acb95b3e4585', '[\"producerRole\"]', '2022-06-22 20:04:31', '2022-06-22 20:04:04', '2022-06-22 20:04:31'), (297, 'App\\Models\\User', 3, 'auth_token', '0b7b151fd0935e2ef8d7da5e5e80ee41c4563484c6632d4e96c73f0372dfc21e', '[\"producerRole\"]', '2022-06-22 21:54:22', '2022-06-22 20:18:31', '2022-06-22 21:54:22'), (298, 'App\\Models\\User', 3, 'auth_token', 'f17c71e2f8ef2b0eef6869806d7af2372b528d09e968ea863ed8daa0a453513e', '[\"producerRole\"]', '2022-06-22 21:56:39', '2022-06-22 21:54:35', '2022-06-22 21:56:39'), (299, 'App\\Models\\User', 3, 'auth_token', '3b561843a9167e6b3745f84da90796d4f7ec5065ebf89cd28186c1a62302fdfd', '[\"producerRole\"]', '2022-06-27 11:03:36', '2022-06-27 11:02:44', '2022-06-27 11:03:36'), (300, 'App\\Models\\User', 6, 'auth_token', 'ef2ed61f9cc1ceef4f3b0138f61a7eee1d3190f14585e6be70a01aaf1b47f719', '[\"producerRole\"]', '2022-06-27 17:14:59', '2022-06-27 16:54:50', '2022-06-27 17:14:59'), (301, 'App\\Models\\User', 9, 'auth_token', '5f852929357dcd5984121175b11fc19f100659b5f0b6b104ee0d714e8fc45c7f', '[\"workerRole\"]', '2022-07-05 16:42:07', '2022-07-05 15:50:04', '2022-07-05 16:42:07'), (302, 'App\\Models\\User', 3, 'auth_token', '8d0540fa16c75a62b062f89c0b420fdbce66103236654d1965790b90e3924fa6', '[\"producerRole\"]', '2022-07-09 10:14:16', '2022-07-09 10:14:11', '2022-07-09 10:14:16'), (303, 'App\\Models\\User', 3, 'auth_token', 'ff5e1e81958aa1fb1deb323b14c8017117bb7b4786edc95622528f17089f59fa', '[\"producerRole\"]', '2022-07-09 10:17:15', '2022-07-09 10:17:12', '2022-07-09 10:17:15'), (304, 'App\\Models\\User', 3, 'auth_token', '55b87031d074815f49a21160f086786d66d3134aa2cff31e670f91835e4dded2', '[\"producerRole\"]', '2022-07-09 10:19:34', '2022-07-09 10:19:30', '2022-07-09 10:19:34'), (305, 'App\\Models\\User', 6, 'auth_token', '7535d2904ee9350946f8a5091e0487aa0333144f49e5d059be16b530fd29b09a', '[\"producerRole\"]', '2022-07-09 11:37:44', '2022-07-09 10:21:45', '2022-07-09 11:37:44'), (306, 'App\\Models\\User', 6, 'auth_token', '853f1480b5a352a37996c4560e159bedabaa4ee1cbf08c753fe6a3bad3de1c90', '[\"producerRole\"]', '2022-07-10 07:22:47', '2022-07-10 07:22:42', '2022-07-10 07:22:47'), (307, 'App\\Models\\User', 6, 'auth_token', 'c48f8f73ae6683668593b7a545d2c216901349013cc8a59f91089aa3be47fca1', '[\"producerRole\"]', '2022-07-10 07:35:29', '2022-07-10 07:28:32', '2022-07-10 07:35:29'), (308, 'App\\Models\\User', 6, 'auth_token', '7265b973c19a71d11ceee78ed7bfa2355d1445f8ebf5d1a7b9580eebbc9560c2', '[\"producerRole\"]', '2022-07-10 07:35:06', '2022-07-10 07:35:03', '2022-07-10 07:35:06'), (309, 'App\\Models\\User', 6, 'auth_token', '84d8059295c0e889e22f8875a2b6d16be4a083032c98aebf8d09bb03d9c6544c', '[\"producerRole\"]', '2022-07-10 07:38:42', '2022-07-10 07:38:40', '2022-07-10 07:38:42'), (310, 'App\\Models\\User', 6, 'auth_token', '843fc1f9c0c9dd28175cf2a8a67be6f16f1b1a7e8cec11780e2531cd9331a348', '[\"producerRole\"]', '2022-07-10 07:41:01', '2022-07-10 07:39:36', '2022-07-10 07:41:01'), (311, 'App\\Models\\User', 6, 'auth_token', '3fb57bdc5459298d8b68ead45e237e5962c3a77539b5bdbf250f0533e2ecb0a1', '[\"producerRole\"]', '2022-07-10 08:04:37', '2022-07-10 07:54:37', '2022-07-10 08:04:37'), (312, 'App\\Models\\User', 3, 'auth_token', '783acc90eca24252dee0d5c3164c307893664f265d0c420324ef42119bac2d21', '[\"producerRole\"]', '2022-07-10 08:09:01', '2022-07-10 08:08:59', '2022-07-10 08:09:01'), (313, 'App\\Models\\User', 3, 'auth_token', '04c7ef59667aa20032ba04357df1861ed9eaa77570c6f63422d87703fbf7877a', '[\"producerRole\"]', '2022-07-10 08:10:29', '2022-07-10 08:10:26', '2022-07-10 08:10:29'), (314, 'App\\Models\\User', 6, 'auth_token', '57c1d0e905a39f28016e2bb3df3ab15bdaba579189fa332a4cdb05e24c8d0c27', '[\"producerRole\"]', '2022-07-10 08:25:50', '2022-07-10 08:21:25', '2022-07-10 08:25:50'), (315, 'App\\Models\\User', 6, 'auth_token', 'ef4e5fca14ec26a2f94b0fa2b69c73cb15f2c953488a8ebf978b75104b5cb117', '[\"producerRole\"]', '2022-07-10 10:17:17', '2022-07-10 08:32:03', '2022-07-10 10:17:17'), (316, 'App\\Models\\User', 6, 'auth_token', '6a79ac06624aaa39ff64b9b3dcd1fc12144e2a15fc6624acb46d5bc7e59d46b6', '[\"producerRole\"]', '2022-07-10 10:26:50', '2022-07-10 10:18:49', '2022-07-10 10:26:50'), (317, 'App\\Models\\User', 6, 'auth_token', 'c5784bba0758745b6801481af63292618b8957a0cb6983356d6011a8772e67b0', '[\"producerRole\"]', '2022-07-10 10:27:25', '2022-07-10 10:27:22', '2022-07-10 10:27:25'), (318, 'App\\Models\\User', 6, 'auth_token', '2c9af46d8750c275a06e178050fc253785746847113cee34cae678ecf7242478', '[\"producerRole\"]', '2022-07-10 10:45:18', '2022-07-10 10:30:14', '2022-07-10 10:45:18'), (319, 'App\\Models\\User', 3, 'auth_token', 'ae72db781461bd738793ab55f80648471af26bba9961587b8b0fe0b9046324dd', '[\"producerRole\"]', '2022-07-10 18:24:01', '2022-07-10 18:24:00', '2022-07-10 18:24:01'), (320, 'App\\Models\\User', 3, 'auth_token', '8da2cf04c51a0964243fa44da3c55ebff68c85bf75d08793824bec0afbf59ba3', '[\"producerRole\"]', '2022-07-10 18:31:06', '2022-07-10 18:24:01', '2022-07-10 18:31:06'), (321, 'App\\Models\\User', 6, 'auth_token', 'd91bfef4c44e7830d6330c5ed9952658a48ede86cfddfd5a8664ccc5a68ee981', '[\"producerRole\"]', '2022-07-10 18:40:33', '2022-07-10 18:31:58', '2022-07-10 18:40:33'), (322, 'App\\Models\\User', 3, 'auth_token', '4b3c09c9a1cc93ebe6a21e44339b86f6c2575e397136321cb3ecf05565f02a1d', '[\"producerRole\"]', '2022-07-10 18:41:57', '2022-07-10 18:41:11', '2022-07-10 18:41:57'), (323, 'App\\Models\\User', 6, 'auth_token', '809c6c68566afb8617a09ceabd4f9c02e556b6d168f41e5a72f3596f57feb7f8', '[\"producerRole\"]', '2022-07-10 18:44:25', '2022-07-10 18:44:25', '2022-07-10 18:44:25'), (324, 'App\\Models\\User', 6, 'auth_token', 'b8b8f55dae510476932d36faa5e430ad91158ac7e9aad6d9eef572652a8a0a67', '[\"producerRole\"]', '2022-07-10 18:48:03', '2022-07-10 18:48:02', '2022-07-10 18:48:03');
INSERT INTO `personal_access_tokens` VALUES (325, 'App\\Models\\User', 6, 'auth_token', '699b662f0a03308eb375d6be347caa09f6844078e43da65807c1ad47e30f9a4f', '[\"producerRole\"]', '2022-07-10 19:09:32', '2022-07-10 18:50:08', '2022-07-10 19:09:32'), (326, 'App\\Models\\User', 6, 'auth_token', '4d6e7bc363c965b5cd29f1a95c0cc38b821c651cb49c1d457b4b3160b4302b5b', '[\"producerRole\"]', '2022-07-10 19:54:24', '2022-07-10 19:12:18', '2022-07-10 19:54:24'), (327, 'App\\Models\\User', 6, 'auth_token', '9016958ecad687740441fcb32ba1596003913418f8ca0bbfb8a48c7b3f15c4f9', '[\"producerRole\"]', '2022-07-10 19:55:35', '2022-07-10 19:55:34', '2022-07-10 19:55:35'), (328, 'App\\Models\\User', 6, 'auth_token', '9e991385429a932c7a7ccf1cb0d224b2b0e1d615295839f19a2e3e83dcaa57c3', '[\"producerRole\"]', '2022-07-10 20:19:42', '2022-07-10 20:19:41', '2022-07-10 20:19:42'), (329, 'App\\Models\\User', 6, 'auth_token', 'd4f687ced3b1383e2e976786f450951744412e1185504eab36b13149e27f8ded', '[\"producerRole\"]', '2022-07-10 20:38:43', '2022-07-10 20:19:42', '2022-07-10 20:38:43'), (330, 'App\\Models\\User', 6, 'auth_token', '0ba799182a67a4b28ba746a0c60e3e458ac734f1890261ef175480e1ef3774d9', '[\"producerRole\"]', '2022-07-10 20:40:12', '2022-07-10 20:39:00', '2022-07-10 20:40:12'), (331, 'App\\Models\\User', 6, 'auth_token', 'f2fc9ff0de3d79b2e65c2378d78324a5eeb4e849f219fbfa51d6cb81a92faa4f', '[\"producerRole\"]', '2022-07-10 21:29:39', '2022-07-10 21:29:38', '2022-07-10 21:29:39'), (332, 'App\\Models\\User', 6, 'auth_token', 'd9b0508b9a0783355abf6bd8b21b453448f9098bedd358f44af1d2bb21a6792d', '[\"producerRole\"]', '2022-07-10 21:29:40', '2022-07-10 21:29:39', '2022-07-10 21:29:40'), (333, 'App\\Models\\User', 6, 'auth_token', '76ee7bf45a3be9e6583bd124eb4149ed9ab8b203adee93474a92b47041d3008d', '[\"producerRole\"]', '2022-07-10 21:29:40', '2022-07-10 21:29:39', '2022-07-10 21:29:40'), (334, 'App\\Models\\User', 6, 'auth_token', 'd0cf64ed61cdd6aed6755a062595713d7e8bc95778caeff55c6fecc9fe4b01a6', '[\"producerRole\"]', '2022-07-10 21:31:39', '2022-07-10 21:31:38', '2022-07-10 21:31:39'), (335, 'App\\Models\\User', 6, 'auth_token', '785728579c06b88fa239a47357c7f7315e9b61baf2857a60853355d7a38c1cca', '[\"producerRole\"]', '2022-07-10 21:37:16', '2022-07-10 21:37:15', '2022-07-10 21:37:16'), (336, 'App\\Models\\User', 6, 'auth_token', '54ddba76b2c83d1c88c0cd3e1de0e22cdd87200f3ebe0f45e7e5946c30b2132a', '[\"producerRole\"]', '2022-07-10 21:37:56', '2022-07-10 21:37:55', '2022-07-10 21:37:56'), (337, 'App\\Models\\User', 6, 'auth_token', '5cf73319e15e216ad6e5c2e32baebf164061cccf4a14e2106cf7ce1a9f13b6e7', '[\"producerRole\"]', '2022-07-10 21:55:40', '2022-07-10 21:41:37', '2022-07-10 21:55:40'), (338, 'App\\Models\\User', 6, 'auth_token', '3c6fe40ecd4bba3ff13f23875f916ea46d60d645c5cb43e9e8c495b0f28719d6', '[\"producerRole\"]', '2022-07-10 22:27:43', '2022-07-10 21:56:14', '2022-07-10 22:27:43'), (339, 'App\\Models\\User', 6, 'auth_token', '6b3832f1930c159b3a488dd159bdd3fb77a31c81bd5ae8195290d4dd954ac4fc', '[\"producerRole\"]', '2022-07-10 22:44:30', '2022-07-10 22:44:28', '2022-07-10 22:44:30'), (340, 'App\\Models\\User', 6, 'auth_token', '3c85256f7cc54242c851eda2ddab89c07a840364cbb2b8e2dc1f308d61899c18', '[\"producerRole\"]', '2022-07-10 23:03:48', '2022-07-10 23:03:47', '2022-07-10 23:03:48'), (341, 'App\\Models\\User', 6, 'auth_token', '851547146936f76d570098ef6af2b605b470c26143f96c851bd2298b8ab8fda2', '[\"producerRole\"]', '2022-07-10 23:42:39', '2022-07-10 23:06:09', '2022-07-10 23:42:39'), (342, 'App\\Models\\User', 6, 'auth_token', 'ff3cec8c4f807a9f37af56982aba53c01f2f4b1238248b2375921c1ef2a0665f', '[\"producerRole\"]', '2022-07-11 00:31:09', '2022-07-11 00:06:36', '2022-07-11 00:31:09'), (343, 'App\\Models\\User', 6, 'auth_token', '641270020f8e9808a8391eb45ae54fa20502f6150672950b87e339f6d9546111', '[\"producerRole\"]', '2022-07-11 02:23:14', '2022-07-11 02:23:13', '2022-07-11 02:23:14'), (344, 'App\\Models\\User', 6, 'auth_token', '2e314aac8adffb7ff7950b65e669ba10a6c8a43667ef938c9bb2446afe4084dd', '[\"producerRole\"]', '2022-07-11 02:42:36', '2022-07-11 02:23:13', '2022-07-11 02:42:36'), (345, 'App\\Models\\User', 6, 'auth_token', 'cbfda4bd7bb9f8dbd202e234870aa86047eee1070c4284e0d15f71f5c77d74b2', '[\"producerRole\"]', '2022-07-11 02:46:14', '2022-07-11 02:46:13', '2022-07-11 02:46:14'), (346, 'App\\Models\\User', 6, 'auth_token', '8207681ad7c163c588adf26579210eafc11d3911d41cbf04051f3bd32c9c6f4f', '[\"producerRole\"]', '2022-07-11 03:18:29', '2022-07-11 02:49:20', '2022-07-11 03:18:29'), (347, 'App\\Models\\User', 6, 'auth_token', '4c57fc9b27f58f3b35e671d4f801d1c8df1b91777a9a7fbd2fb45236a4dca421', '[\"producerRole\"]', '2022-07-11 04:01:33', '2022-07-11 03:26:30', '2022-07-11 04:01:33'), (348, 'App\\Models\\User', 6, 'auth_token', 'c0d722ea20c187184e722c86eef4f7f40ff0a5f5eb30048291addf27d368dc30', '[\"producerRole\"]', '2022-07-11 04:02:47', '2022-07-11 04:02:46', '2022-07-11 04:02:47'), (349, 'App\\Models\\User', 6, 'auth_token', 'c54eebeb880a7a7e187e85b945e0f211354443415780db9429a47d9edf954f44', '[\"producerRole\"]', '2022-07-11 04:02:59', '2022-07-11 04:02:47', '2022-07-11 04:02:59'), (350, 'App\\Models\\User', 6, 'auth_token', '9e8e41480b0fa62f1a86a8c71152095ec5682a120fc84952a7116d7456775e74', '[\"producerRole\"]', '2022-07-11 05:19:56', '2022-07-11 05:13:49', '2022-07-11 05:19:56'), (351, 'App\\Models\\User', 6, 'auth_token', 'f9146170e3e05208603226c389a3e05a4f1347f0d37e0886f9d79b1f00502a19', '[\"producerRole\"]', '2022-07-11 05:23:18', '2022-07-11 05:21:39', '2022-07-11 05:23:18'), (352, 'App\\Models\\User', 6, 'auth_token', '4f65499b6f387b3f02fe8f3526aba13a13a47be5176812f1971110969710334e', '[\"producerRole\"]', '2022-07-11 05:30:14', '2022-07-11 05:23:37', '2022-07-11 05:30:14'), (353, 'App\\Models\\User', 6, 'auth_token', '2e306797873e9acb6267b0c98bbfed7ffce3e5b4d68e5d3f80ab65090d146265', '[\"producerRole\"]', '2022-07-11 05:32:23', '2022-07-11 05:31:54', '2022-07-11 05:32:23'), (354, 'App\\Models\\User', 6, 'auth_token', '049f836db5d82bbf151091e65b16d1444fe37305141cbddbb08f965ec767bb59', '[\"producerRole\"]', '2022-07-11 05:36:42', '2022-07-11 05:36:41', '2022-07-11 05:36:42'), (355, 'App\\Models\\User', 6, 'auth_token', 'e649be60526168c4295f952ef759eab8aafe101d9f50ff820ba74e1da7299892', '[\"producerRole\"]', '2022-07-11 05:37:58', '2022-07-11 05:36:41', '2022-07-11 05:37:58'), (356, 'App\\Models\\User', 6, 'auth_token', 'a970fa63d2ef369d733ccbd14b2f2ce3c0e096c4325c5c8eac4f070d8de16b1f', '[\"producerRole\"]', '2022-07-11 05:51:50', '2022-07-11 05:50:36', '2022-07-11 05:51:50'), (357, 'App\\Models\\User', 6, 'auth_token', 'b3406fded74bbc28df0de39512734555c24ad4ae6b34f5b4024cccd1260070e5', '[\"producerRole\"]', '2022-07-11 05:56:49', '2022-07-11 05:52:40', '2022-07-11 05:56:49'), (358, 'App\\Models\\User', 6, 'auth_token', '47fb61946c8d6994a259a27c9231e2815fdc992a5ef03121ec4160df00652f26', '[\"producerRole\"]', '2022-07-11 06:14:07', '2022-07-11 06:13:10', '2022-07-11 06:14:07'), (359, 'App\\Models\\User', 6, 'auth_token', 'b05c35e9db8f46f78f5b79393c9ce4ba0bf3cdf1f649f980381b67a1b874aa6c', '[\"producerRole\"]', '2022-07-11 06:15:57', '2022-07-11 06:14:28', '2022-07-11 06:15:57'), (360, 'App\\Models\\User', 6, 'auth_token', '688a9baec7bb1fa0bffbbab5b9b762522c7e72756236671f2dc8325913771f0d', '[\"producerRole\"]', '2022-07-11 06:20:43', '2022-07-11 06:16:37', '2022-07-11 06:20:43'), (361, 'App\\Models\\User', 1, 'auth_token', '6e41cef7310186ce29e73bfac52203f8742e6313bfe2dea0bb5eefa2cf506422', '[\"workerRole\"]', '2022-07-11 06:34:55', '2022-07-11 06:21:58', '2022-07-11 06:34:55');
=======
INSERT INTO `personal_access_tokens` VALUES (1, 'App\\Models\\User', 3, 'auth_token', '9a05ab53b2a7b04392083b6e70f0b7aca6b6cc780bef75897ded559a56235b5a', '[\"*\"]', '2022-06-07 20:39:09', '2022-06-07 20:39:02', '2022-06-07 20:39:09'), (2, 'App\\Models\\User', 3, 'auth_token', '95d9636f4ba1b10289839e21f0639377be3fa73f8db17fb255aaf9f2a1f2ce0c', '[\"*\"]', '2022-06-07 20:50:48', '2022-06-07 20:50:43', '2022-06-07 20:50:48'), (3, 'App\\Models\\User', 3, 'auth_token', '598fe8f204655eb371b16e303b236553434b604fb0db56b5e9b1bfdc99aec0a0', '[\"*\"]', '2022-06-07 21:43:13', '2022-06-07 21:43:08', '2022-06-07 21:43:13'), (4, 'App\\Models\\User', 3, 'auth_token', '81ef905ae27ceb047e9b24f9549a97b43e679edd10d66bd5021dae11c4335d0f', '[\"*\"]', '2022-06-07 21:58:09', '2022-06-07 21:58:02', '2022-06-07 21:58:09'), (5, 'App\\Models\\User', 3, 'auth_token', '40a00b2d6166883aac8e58b0f22b3a61376d78fab8e26edb673195e2994a99a9', '[\"*\"]', '2022-06-07 22:17:05', '2022-06-07 22:10:37', '2022-06-07 22:17:05'), (6, 'App\\Models\\User', 3, 'auth_token', '4f7dd234b42198a2ab8e15365f898c6dc29d1c8755e2ac36a06191c294abe717', '[\"*\"]', '2022-06-07 22:17:28', '2022-06-07 22:17:24', '2022-06-07 22:17:28'), (7, 'App\\Models\\User', 3, 'auth_token', '5ed9746c83239d77dd8f9805ffe7e338ceb2ae479677e26f1b53445ba91e6875', '[\"*\"]', '2022-06-07 22:45:50', '2022-06-07 22:18:42', '2022-06-07 22:45:50'), (8, 'App\\Models\\User', 3, 'auth_token', '0d6bdd063cf5b1db117a196f0eef2366f752830cd74d570d97e430e7cae535c5', '[\"*\"]', '2022-06-07 22:51:52', '2022-06-07 22:46:08', '2022-06-07 22:51:52'), (9, 'App\\Models\\User', 3, 'auth_token', 'e1ddd5e03c3b1fcb5d5727a33d005ebf6204b3695759d0198923f95bcd6868b5', '[\"*\"]', '2022-06-07 23:16:19', '2022-06-07 23:15:05', '2022-06-07 23:16:19'), (10, 'App\\Models\\User', 3, 'auth_token', 'a46886ec894a785de0335f11179bfe986ae420fcd9d6359e2dfbc18f51b09300', '[\"*\"]', '2022-06-07 23:25:08', '2022-06-07 23:17:24', '2022-06-07 23:25:08'), (11, 'App\\Models\\User', 3, 'auth_token', '6a57ec2f201c919353a4149e31ab9c780e011743d6ec7911d1ce31332e5ef663', '[\"*\"]', '2022-06-08 05:58:35', '2022-06-08 02:50:31', '2022-06-08 05:58:35'), (12, 'App\\Models\\User', 3, 'auth_token', '0eb7f352769813112163bc407ed5acdff3f9c30d1900097ce4619ec1549ea98e', '[\"*\"]', '2022-06-08 06:30:31', '2022-06-08 06:05:43', '2022-06-08 06:30:31'), (13, 'App\\Models\\User', 3, 'auth_token', 'd5cb38466373e026d049d80d34ceb2197fb55f7f74a33d3a21c0f79de924eee4', '[\"*\"]', '2022-06-08 06:55:23', '2022-06-08 06:43:32', '2022-06-08 06:55:23'), (14, 'App\\Models\\User', 3, 'auth_token', '838cfe3f3404d4231e35e12e3d901de4696772b46fbb047b802bc619874a1493', '[\"producer\"]', '2022-06-08 07:15:15', '2022-06-08 07:15:14', '2022-06-08 07:15:15'), (15, 'App\\Models\\User', 3, 'auth_token', '1bfdf906e1a92a64b362883749a77c408d47ce811e7980fd9b56f4c9b98947d4', '[\"producer\"]', '2022-06-08 07:17:51', '2022-06-08 07:17:50', '2022-06-08 07:17:51'), (16, 'App\\Models\\User', 3, 'auth_token', 'e21de0e9f970a84dcc0a05ea1c9cf1fc95d2eb0b2f18c35d5ecee763888683e2', '[\"producer\"]', '2022-06-08 07:22:45', '2022-06-08 07:21:28', '2022-06-08 07:22:45'), (17, 'App\\Models\\User', 3, 'auth_token', '39d8eb111c75eddc31d816986d3e541be6fcee8474ae9eb84ebde42e3aaf4448', '[\"producerRole\"]', '2022-06-08 07:25:41', '2022-06-08 07:24:18', '2022-06-08 07:25:41'), (18, 'App\\Models\\User', 3, 'auth_token', '82444d89c03e03a56f3f307f6376ac713ee09b6f4016de09716ae9218972f07d', '[\"producerRole\"]', '2022-06-08 07:40:41', '2022-06-08 07:29:48', '2022-06-08 07:40:41'), (19, 'App\\Models\\User', 3, 'auth_token', 'eb7d899b0a09aed87b5c1a74e3bea16f594aa67895cb9b0bc192a06e8567e9aa', '[\"producerRole\"]', '2022-06-08 07:55:19', '2022-06-08 07:55:18', '2022-06-08 07:55:19'), (20, 'App\\Models\\User', 3, 'auth_token', '885a5fbc8111044656b1d42c58c8a098e58c40abec967667eda48980215bcd30', '[\"producerRole\"]', '2022-06-08 07:57:53', '2022-06-08 07:57:52', '2022-06-08 07:57:53'), (21, 'App\\Models\\User', 3, 'auth_token', 'beb57dc18c6fc3cb62a53bf47155fb4f20167d992b702dc656de0648dee78e32', '[\"producerRole\"]', '2022-06-08 08:15:43', '2022-06-08 07:59:01', '2022-06-08 08:15:43'), (22, 'App\\Models\\User', 3, 'auth_token', '66170f8878b739bc88cc2ab43849d15c3a2c6660ca3cb997384f16cd124f38ed', '[\"producerRole\"]', '2022-06-08 08:16:25', '2022-06-08 08:15:58', '2022-06-08 08:16:25'), (23, 'App\\Models\\User', 3, 'auth_token', 'c7b611b3698639a99e2fc32e303090181221c87b0cde3dcde6b46e0fd9e50d06', '[\"producerRole\"]', '2022-06-08 08:18:43', '2022-06-08 08:16:58', '2022-06-08 08:18:43'), (24, 'App\\Models\\User', 3, 'auth_token', '73c877f455d1a4f7fc9175e3c1216aad3c13aaf0ad50ab5e26cddc90e064e542', '[\"producerRole\"]', '2022-06-08 08:19:46', '2022-06-08 08:19:42', '2022-06-08 08:19:46'), (25, 'App\\Models\\User', 3, 'auth_token', '821bdf363ef8463b2c7358e06c71fd0c6276667fd987dd22f85a2d28cab4f1fa', '[\"producerRole\"]', '2022-06-08 08:22:05', '2022-06-08 08:20:09', '2022-06-08 08:22:05'), (26, 'App\\Models\\User', 3, 'auth_token', '97eb41f2ac104efc40d8e0c15c2fed178ba31f18c73c2669d90fca474d1ec50c', '[\"producerRole\"]', '2022-06-08 09:04:38', '2022-06-08 09:04:36', '2022-06-08 09:04:38'), (27, 'App\\Models\\User', 3, 'auth_token', '6edbd379ac85d07ce08aeb43d3d0b49bea2f2a7d11a2da731b462eb27469cb5c', '[\"producerRole\"]', '2022-06-08 09:38:36', '2022-06-08 09:07:50', '2022-06-08 09:38:36'), (28, 'App\\Models\\User', 3, 'auth_token', 'eb1c73fa64d8e6806efca925b4168d9be1f41c80a9abe687565222e4dde7fd1a', '[\"producerRole\"]', '2022-06-08 09:38:50', '2022-06-08 09:38:49', '2022-06-08 09:38:50'), (29, 'App\\Models\\User', 3, 'auth_token', '40e492357d5fa668410d149d393f5b807deb9792717a846d5f636e7b615a66c3', '[\"producerRole\"]', '2022-06-08 10:03:17', '2022-06-08 09:43:21', '2022-06-08 10:03:17'), (30, 'App\\Models\\User', 3, 'auth_token', 'be8d65d05ae72d76e9225b092835df3c782b800d9763141fc3d2bc60fd44f1ba', '[\"producerRole\"]', '2022-06-08 10:27:07', '2022-06-08 10:27:03', '2022-06-08 10:27:07'), (31, 'App\\Models\\User', 3, 'auth_token', 'd14bdb2bd82e455ffdf5aec463a5a8dda4d68342435e6139c511690bfdf8f59f', '[\"producerRole\"]', '2022-06-08 10:30:14', '2022-06-08 10:29:58', '2022-06-08 10:30:14'), (32, 'App\\Models\\User', 3, 'auth_token', '977cc83d4f0457f93dc89b6c9928540a5d24c7166442b7c92dbe3a1bfcf00587', '[\"producerRole\"]', '2022-06-08 10:31:02', '2022-06-08 10:30:33', '2022-06-08 10:31:02'), (33, 'App\\Models\\User', 3, 'auth_token', '75705f36d6be636f3612c1aecd28325b239615c0bc507797cc2b53c1c563c010', '[\"producerRole\"]', '2022-06-08 10:34:15', '2022-06-08 10:31:21', '2022-06-08 10:34:15'), (34, 'App\\Models\\User', 3, 'auth_token', 'e72240d03b22385b6ea42d0c85ad6fbe884dabcfb1bf805fd242166e1cd42d27', '[\"producerRole\"]', '2022-06-08 11:57:30', '2022-06-08 10:37:52', '2022-06-08 11:57:30'), (35, 'App\\Models\\User', 3, 'auth_token', 'bbebd599d62eb2dc35cfc2497cefde0592538e78dd6f70f0940accca3daba49f', '[\"producerRole\"]', '2022-06-08 13:12:00', '2022-06-08 12:46:36', '2022-06-08 13:12:00'), (36, 'App\\Models\\User', 3, 'auth_token', 'c85f845b1c9b7f148dbd853f123631ed86f6bc293d2fbd282cfbfbabac54a24b', '[\"producerRole\"]', '2022-06-08 16:25:28', '2022-06-08 16:17:43', '2022-06-08 16:25:28'), (37, 'App\\Models\\User', 3, 'auth_token', 'b16f58b661ffad6a14b35e986eac4ee3876bcd7bca157064cf4281e3aaac3dbb', '[\"producerRole\"]', '2022-06-08 16:26:53', '2022-06-08 16:26:49', '2022-06-08 16:26:53'), (38, 'App\\Models\\User', 3, 'auth_token', '7896726b37dfe4371f3242761db29acf74d56069c90813e3644bd38f1186ea47', '[\"producerRole\"]', '2022-06-08 16:29:21', '2022-06-08 16:29:15', '2022-06-08 16:29:21'), (39, 'App\\Models\\User', 3, 'auth_token', '7f244e8cf92545e44b35bd51b6698a95b07cbfdc83d3acb6c3079bd2696f6bb0', '[\"producerRole\"]', '2022-06-08 16:46:04', '2022-06-08 16:46:01', '2022-06-08 16:46:04'), (40, 'App\\Models\\User', 3, 'auth_token', '373fc198594d5d52afba1ca1d5807624cb654b83eb2c8ab62566128ab361eaf2', '[\"producerRole\"]', '2022-06-08 17:09:23', '2022-06-08 16:49:57', '2022-06-08 17:09:23'), (41, 'App\\Models\\User', 3, 'auth_token', '12fb0c9052b5a8f57c7ff591a851dc50b207706e6193b6d13274c966fbcade98', '[\"producerRole\"]', '2022-06-08 17:14:12', '2022-06-08 17:14:09', '2022-06-08 17:14:12'), (42, 'App\\Models\\User', 3, 'auth_token', 'ed6891545ae13186fb3ca94d66a2d343061bd722d91a050c617742321eac6059', '[\"producerRole\"]', '2022-06-08 17:15:05', '2022-06-08 17:14:56', '2022-06-08 17:15:05'), (43, 'App\\Models\\User', 3, 'auth_token', '91d8f9d694c9d5b096efb1a14956c1a298fcc47e14dde5bc6cef615b3a8e793d', '[\"producerRole\"]', '2022-06-08 18:04:16', '2022-06-08 17:46:05', '2022-06-08 18:04:16'), (44, 'App\\Models\\User', 3, 'auth_token', 'b09eb393f805114c1c62c71c7bbc9896aabf4524fc26d470f4ac69cdfe811060', '[\"producerRole\"]', '2022-06-08 18:26:29', '2022-06-08 18:26:23', '2022-06-08 18:26:29'), (45, 'App\\Models\\User', 3, 'auth_token', 'd00a0c7c657e2e5e8153964d063f03169466b21486e2c45b35eefd7472b92ec2', '[\"producerRole\"]', '2022-06-09 01:10:01', '2022-06-08 18:27:56', '2022-06-09 01:10:01'), (46, 'App\\Models\\User', 3, 'auth_token', '382e762d97d0daeee6aaf76ad894f57e9b784bd214b34becebcae21b3a4af8f5', '[\"producerRole\"]', '2022-06-09 02:41:41', '2022-06-09 02:13:44', '2022-06-09 02:41:41'), (47, 'App\\Models\\User', 3, 'auth_token', '292e0a50c33e0b6e69b57e41c577e7aac98aeb28d9d8b5f202a87df10cb18366', '[\"producerRole\"]', '2022-06-09 02:46:14', '2022-06-09 02:46:10', '2022-06-09 02:46:14'), (48, 'App\\Models\\User', 3, 'auth_token', 'cb7f62c8fca33a48ff38d5b35f9ea18a7ef1dd75bc8900051f9630a6691d5eb8', '[\"producerRole\"]', '2022-06-09 02:49:44', '2022-06-09 02:49:41', '2022-06-09 02:49:44'), (49, 'App\\Models\\User', 3, 'auth_token', '2c5b493ef8b81588fd3fa6951ea16a776bdc75fd832e8e039459eb5d9dbc7600', '[\"producerRole\"]', '2022-06-09 02:51:06', '2022-06-09 02:51:02', '2022-06-09 02:51:06'), (50, 'App\\Models\\User', 3, 'auth_token', '943a79343b5988355daa5461c4cab8e41a7b3296ace1a7e9b437e1c48004c927', '[\"producerRole\"]', '2022-06-09 02:52:05', '2022-06-09 02:51:58', '2022-06-09 02:52:05'), (51, 'App\\Models\\User', 3, 'auth_token', 'e2faaa69df4e87b96744e3d0cafa52d2733019ca5560de7a7fdba7252c89ffbb', '[\"producerRole\"]', '2022-06-09 02:54:28', '2022-06-09 02:52:32', '2022-06-09 02:54:28'), (52, 'App\\Models\\User', 3, 'auth_token', '7168566c19159c2f2b2c3f8725fba0477460ecf11836425d2e9c29c8db15b558', '[\"producerRole\"]', '2022-06-09 03:11:14', '2022-06-09 03:11:08', '2022-06-09 03:11:14'), (53, 'App\\Models\\User', 3, 'auth_token', '7227f7503c8fc028b4bd4eaf7ffe7542bad3b468eb0ffe8b3c721089e952a33d', '[\"producerRole\"]', '2022-06-09 03:21:58', '2022-06-09 03:21:54', '2022-06-09 03:21:58'), (54, 'App\\Models\\User', 3, 'auth_token', '880ee427b141e0ce8e33ed09acb53a85a9beff666cd8d951ebca2322df639520', '[\"producerRole\"]', '2022-06-09 03:35:32', '2022-06-09 03:26:39', '2022-06-09 03:35:32'), (55, 'App\\Models\\User', 3, 'auth_token', 'd892923ee54ede0001eb9227b558b42d4d4bd78be588a9861ae431e215aef3f0', '[\"producerRole\"]', '2022-06-09 03:50:47', '2022-06-09 03:50:41', '2022-06-09 03:50:47'), (56, 'App\\Models\\User', 3, 'auth_token', '3ea28e11a53d63579454709b3894f837c5d4d6c56a8ddfcdbd0b52f00d24a745', '[\"producerRole\"]', '2022-06-09 04:24:45', '2022-06-09 03:51:54', '2022-06-09 04:24:45'), (57, 'App\\Models\\User', 3, 'auth_token', 'd71aa040aa45e4228c3aecc67cd61cc7cae0440b905e6b02a0508e579fedb4bc', '[\"producerRole\"]', '2022-06-09 04:37:42', '2022-06-09 04:37:38', '2022-06-09 04:37:42'), (58, 'App\\Models\\User', 3, 'auth_token', 'a1695bfbfb63c88042bf18364f2d987e99685633cad69e085e2f4af6d3176175', '[\"producerRole\"]', '2022-06-09 05:10:06', '2022-06-09 04:40:59', '2022-06-09 05:10:06'), (59, 'App\\Models\\User', 3, 'auth_token', '2973838d4986f98737f2051765eb1a4819c4c0f77fbd53decabd35b3fb645576', '[\"producerRole\"]', '2022-06-09 05:40:13', '2022-06-09 05:40:10', '2022-06-09 05:40:13'), (60, 'App\\Models\\User', 3, 'auth_token', '3d435626f5a32b1933bd1eb33835656a2408a9e86f242111be907fecbf4a793d', '[\"producerRole\"]', '2022-06-09 06:25:36', '2022-06-09 05:41:16', '2022-06-09 06:25:36'), (61, 'App\\Models\\User', 3, 'auth_token', '6626ac848b094ed0b06c54af6a412dd54ea989cbf879df93e9761ba248164af9', '[\"producerRole\"]', '2022-06-09 06:48:20', '2022-06-09 06:29:25', '2022-06-09 06:48:20'), (62, 'App\\Models\\User', 3, 'auth_token', '24cf8df26a833e8feede6a73124eab118c9f665643fb8a9eabd2daf9fac75a1c', '[\"producerRole\"]', '2022-06-09 07:22:14', '2022-06-09 06:57:42', '2022-06-09 07:22:14'), (63, 'App\\Models\\User', 3, 'auth_token', '28455cd19a204b59517b30d6027ed222d75afb45c7b180eeb25dd3225623dc62', '[\"producerRole\"]', '2022-06-09 07:23:22', '2022-06-09 07:23:05', '2022-06-09 07:23:22'), (64, 'App\\Models\\User', 3, 'auth_token', '5b6e73456f3c9cc5868e797cc0fb5c348699c9515b1964a1e0588118ef4a4227', '[\"producerRole\"]', '2022-06-09 10:15:56', '2022-06-09 09:28:30', '2022-06-09 10:15:56'), (65, 'App\\Models\\User', 3, 'auth_token', '23a601e5d121b6b9c7e77cfdcdc42c7ba75f5ac2f15205215b877f14903327e0', '[\"producerRole\"]', '2022-06-09 10:34:49', '2022-06-09 10:06:06', '2022-06-09 10:34:49'), (66, 'App\\Models\\User', 3, 'auth_token', '8785ffab733645e3f0d4b0f4211d50150e1139b9b066eb308fe0c63f06fb73d7', '[\"producerRole\"]', '2022-06-09 18:08:05', '2022-06-09 10:52:24', '2022-06-09 18:08:05'), (67, 'App\\Models\\User', 3, 'auth_token', 'f7f7b3788a983e2acffea4b6ef5815e4c33104a00e3611cc6b5bf52ca80e79cd', '[\"producerRole\"]', '2022-06-09 18:23:52', '2022-06-09 18:08:58', '2022-06-09 18:23:52'), (68, 'App\\Models\\User', 3, 'auth_token', '333d13b5eb6c371df7328370206fdc949d6912c9ee2e80f43e6fb7e16214a239', '[\"producerRole\"]', '2022-06-09 18:53:11', '2022-06-09 18:45:59', '2022-06-09 18:53:11'), (69, 'App\\Models\\User', 3, 'auth_token', '4af9ad3eac563f9ed0fb35769dcdf33b852d1da0705dcaf0464f62b2efe672bb', '[\"producerRole\"]', '2022-06-09 20:02:56', '2022-06-09 19:59:01', '2022-06-09 20:02:56'), (70, 'App\\Models\\User', 3, 'auth_token', '1fcee5d644833c6e7554457728363ef77840e0a524e1a1a46e94487788db7907', '[\"producerRole\"]', '2022-06-09 21:03:17', '2022-06-09 21:01:57', '2022-06-09 21:03:17'), (71, 'App\\Models\\User', 3, 'auth_token', '3ec30917554df6263288f35c193b5358bcbdf853aab99c1f5a887fe697a45ef6', '[\"producerRole\"]', '2022-06-09 21:04:34', '2022-06-09 21:04:29', '2022-06-09 21:04:34'), (72, 'App\\Models\\User', 3, 'auth_token', '802380642d38a4cf151765475e6c1c83eab2f96eb40bf36ff6f105fa0476b5b4', '[\"producerRole\"]', '2022-06-09 21:13:29', '2022-06-09 21:13:24', '2022-06-09 21:13:29'), (73, 'App\\Models\\User', 3, 'auth_token', '5b46ba9b674771713c69878246d826d6a8b530314cafe86beff4e513107147d4', '[\"producerRole\"]', '2022-06-09 21:19:17', '2022-06-09 21:16:09', '2022-06-09 21:19:17'), (74, 'App\\Models\\User', 3, 'auth_token', 'a69f3c1ab706c336d243f1801734aceffd4f0ec32ec5d978c789ebccac7a6dab', '[\"producerRole\"]', '2022-06-09 21:20:26', '2022-06-09 21:20:12', '2022-06-09 21:20:26'), (75, 'App\\Models\\User', 3, 'auth_token', '89c784cd8688203f2945a4de74e5217b8752cadea198ea8d21606198ff3478b0', '[\"producerRole\"]', '2022-06-09 21:28:52', '2022-06-09 21:24:16', '2022-06-09 21:28:52'), (76, 'App\\Models\\User', 3, 'auth_token', '42971d12da9d3c26ab19e8c13be335b9f8d40175d35f7e41898cf02ef054bb74', '[\"producerRole\"]', '2022-06-09 21:30:29', '2022-06-09 21:30:16', '2022-06-09 21:30:29'), (77, 'App\\Models\\User', 3, 'auth_token', 'dc96f0fe8f988670e5f1d701f205e6ef47da437b22377ad8f7e173f94de2f6a2', '[\"producerRole\"]', '2022-06-09 21:40:37', '2022-06-09 21:34:53', '2022-06-09 21:40:37'), (78, 'App\\Models\\User', 3, 'auth_token', '72050d38cb8539b8e804121c7932ebc3849fa75b4291c3f4c899559a6d16c805', '[\"producerRole\"]', '2022-06-09 21:42:35', '2022-06-09 21:42:15', '2022-06-09 21:42:35'), (79, 'App\\Models\\User', 3, 'auth_token', '332f9e31bb85517221c71b5758c773aca738c95f9f68f8c49c0fab49f002d017', '[\"producerRole\"]', '2022-06-09 21:48:48', '2022-06-09 21:48:33', '2022-06-09 21:48:48'), (80, 'App\\Models\\User', 3, 'auth_token', '1464ee0d4a10011e0d5ec960317a9ee0ec4af72d3ca2c418909a103e9cf7a2e0', '[\"producerRole\"]', '2022-06-09 22:04:06', '2022-06-09 21:54:31', '2022-06-09 22:04:06'), (81, 'App\\Models\\User', 3, 'auth_token', '7311be2199c6ee367dafd726c88f3624c383473f86195d5e8d3ca5ba3e991eb4', '[\"producerRole\"]', '2022-06-09 22:32:55', '2022-06-09 22:32:51', '2022-06-09 22:32:55'), (82, 'App\\Models\\User', 3, 'auth_token', '78ba4d03c3877ff40317beafa4e45e0973257e02b87a47a377f75abed36e4924', '[\"producerRole\"]', '2022-06-09 22:38:37', '2022-06-09 22:38:36', '2022-06-09 22:38:37'), (83, 'App\\Models\\User', 3, 'auth_token', '1807f0c2fedea7a6f585a30116a0d71872093e95161e55f7e7907cc3b25f36ca', '[\"producerRole\"]', '2022-06-09 22:40:41', '2022-06-09 22:38:49', '2022-06-09 22:40:41'), (84, 'App\\Models\\User', 3, 'auth_token', '8e7b85b5e7a421d2953937d3c2b2542ae2552c6bb88ee2e3ae7c4c0b2d10de3e', '[\"producerRole\"]', '2022-06-09 22:49:56', '2022-06-09 22:44:27', '2022-06-09 22:49:56'), (85, 'App\\Models\\User', 3, 'auth_token', '13dcad2b235d4a0dfed4798a37b713c6c8d97b7ac498684b3fc37d47ba37a422', '[\"producerRole\"]', '2022-06-09 22:51:48', '2022-06-09 22:51:34', '2022-06-09 22:51:48'), (86, 'App\\Models\\User', 3, 'auth_token', '6466fe7d27276d7b2d465d8de1ab4150c7b4acc073a109a6c6870a4f5b42394d', '[\"producerRole\"]', '2022-06-09 22:52:12', '2022-06-09 22:52:11', '2022-06-09 22:52:12'), (87, 'App\\Models\\User', 3, 'auth_token', 'd559ec2af67b25f86fd0b9231775b7d5770bbfbebcbfdee391da4a5193a3fda6', '[\"producerRole\"]', '2022-06-09 22:52:58', '2022-06-09 22:52:48', '2022-06-09 22:52:58'), (88, 'App\\Models\\User', 3, 'auth_token', 'cb4bb12780c1dd22d2c31c73245fce5e2b6320fbbf37fa8662075b8ce053d992', '[\"producerRole\"]', '2022-06-09 22:53:46', '2022-06-09 22:53:34', '2022-06-09 22:53:46'), (89, 'App\\Models\\User', 3, 'auth_token', 'be2b45dbb2c1a0b89fa4c430750b2796bb3d2ef137403d17fae06bc8d7bcd5a2', '[\"producerRole\"]', '2022-06-09 23:27:14', '2022-06-09 23:23:58', '2022-06-09 23:27:14'), (90, 'App\\Models\\User', 3, 'auth_token', 'ac2d5f1a7b8311f23416340f12d786517aef13108fb49ebca8b916f252e43516', '[\"producerRole\"]', '2022-06-09 23:30:08', '2022-06-09 23:30:04', '2022-06-09 23:30:08'), (91, 'App\\Models\\User', 3, 'auth_token', '432fd6c1c2a98e4e30ab242c1c250050250959e316de0a4e4491d37a38cca0a8', '[\"producerRole\"]', '2022-06-09 23:30:54', '2022-06-09 23:30:50', '2022-06-09 23:30:54'), (92, 'App\\Models\\User', 3, 'auth_token', 'd3879106b05a8f9f4858c4bbba1b32fd8a34ce372345e89b536ac7fea5c10fb4', '[\"producerRole\"]', '2022-06-09 23:31:53', '2022-06-09 23:31:50', '2022-06-09 23:31:53'), (93, 'App\\Models\\User', 3, 'auth_token', '6fa1634b3dc92d176a6eecc78c7ccd1e8d04a71ae22c3b2d95758b5de101605d', '[\"producerRole\"]', '2022-06-09 23:33:29', '2022-06-09 23:33:26', '2022-06-09 23:33:29'), (94, 'App\\Models\\User', 3, 'auth_token', '613e36adf89867452abb9549d9e0c27d1acdac6ec0b5f23ded010ec330d81a5e', '[\"producerRole\"]', '2022-06-09 23:36:04', '2022-06-09 23:35:59', '2022-06-09 23:36:04'), (95, 'App\\Models\\User', 3, 'auth_token', 'caa957761c10d502a68d03f5689aaee49120720a252ac34579a5dae51d3184f2', '[\"producerRole\"]', '2022-06-09 23:55:47', '2022-06-09 23:55:35', '2022-06-09 23:55:47'), (96, 'App\\Models\\User', 3, 'auth_token', '95017b86e1f024b35554d2e9f2d8118b41af172680acc2ca992da344e290cfc4', '[\"producerRole\"]', '2022-06-10 00:09:16', '2022-06-10 00:09:12', '2022-06-10 00:09:16'), (97, 'App\\Models\\User', 3, 'auth_token', '9f95540f6fdc1acd307abfa1fe225fe6a54b590e3924cb8f21f042342949aa3c', '[\"producerRole\"]', '2022-06-10 01:47:02', '2022-06-10 00:53:05', '2022-06-10 01:47:02'), (98, 'App\\Models\\User', 3, 'auth_token', '7c5352492463b7a8fab800b0f7e918b1ab6b8f43c7fa6b80cacd997beab42bd8', '[\"producerRole\"]', '2022-06-10 01:53:05', '2022-06-10 01:48:53', '2022-06-10 01:53:05'), (99, 'App\\Models\\User', 3, 'auth_token', '5d277d5d5620b81f04d4d3f1045e19aac8e81f046e78b956d8b3d1eac7edf0ff', '[\"producerRole\"]', '2022-06-10 02:16:38', '2022-06-10 02:13:09', '2022-06-10 02:16:38'), (100, 'App\\Models\\User', 3, 'auth_token', 'c0eea251434c79e614fc9b73af0fb5d40e7fbf090ca37ad77f9eeef00d709e30', '[\"producerRole\"]', '2022-06-10 02:31:01', '2022-06-10 02:19:14', '2022-06-10 02:31:01'), (101, 'App\\Models\\User', 3, 'auth_token', '7a7f4bcd17baf817ca37451dfcd1ff847704c17234e8ab56af0b4c6bec592ff3', '[\"producerRole\"]', '2022-06-10 02:39:40', '2022-06-10 02:39:20', '2022-06-10 02:39:40'), (102, 'App\\Models\\User', 3, 'auth_token', 'c3984eb5f2c834f618ba18f4064e2c73e1faf174c51ce76a2a67105c1c582887', '[\"producerRole\"]', '2022-06-10 03:09:41', '2022-06-10 03:09:36', '2022-06-10 03:09:41'), (103, 'App\\Models\\User', 3, 'auth_token', 'd71a50afb4e2c7b373f7f2a3a6ceb680dc6d2f73955e9332d82c50749ea70683', '[\"producerRole\"]', '2022-06-10 03:44:10', '2022-06-10 03:44:09', '2022-06-10 03:44:10'), (104, 'App\\Models\\User', 3, 'auth_token', '02b8c396a9a16caddb1e1a1577fa1c1b9cac42aba785fec8f08d36556f8a97f4', '[\"producerRole\"]', '2022-06-10 04:00:01', '2022-06-10 03:44:30', '2022-06-10 04:00:01'), (105, 'App\\Models\\User', 3, 'auth_token', '708c2899de1c77d39d137a21b345d0fe808d2cde99941bf7188f69bd8722bb34', '[\"producerRole\"]', '2022-06-10 08:50:07', '2022-06-10 08:50:03', '2022-06-10 08:50:07'), (106, 'App\\Models\\User', 3, 'auth_token', 'd039a5f0283df96ac81ab63e45627f4d79f6ecb89b213683dd850d24c85f5ea5', '[\"producerRole\"]', '2022-06-10 09:26:20', '2022-06-10 08:58:48', '2022-06-10 09:26:20'), (107, 'App\\Models\\User', 3, 'auth_token', '9e88b8f709664788e29e81dfa013123a86c141a6e5ae3540246e19691b45abc4', '[\"producerRole\"]', '2022-06-10 10:05:46', '2022-06-10 10:01:19', '2022-06-10 10:05:46'), (108, 'App\\Models\\User', 3, 'auth_token', 'c45689c25a2082639d38731d3b7c46b7d0a233b9ea579417c9015d2b314c9ae1', '[\"producerRole\"]', '2022-06-10 10:12:55', '2022-06-10 10:08:38', '2022-06-10 10:12:55'), (109, 'App\\Models\\User', 3, 'auth_token', '6621150db467c8a0bc68c9d492b2f76ad3375dec2a0b721a25d1d6b229353f75', '[\"producerRole\"]', '2022-06-10 10:49:07', '2022-06-10 10:39:01', '2022-06-10 10:49:07'), (110, 'App\\Models\\User', 3, 'auth_token', 'ebfedef221208c8973d5f0657fffc1dafbc48946b7ac29084cbe1ea842029e6e', '[\"producerRole\"]', '2022-06-10 10:54:21', '2022-06-10 10:54:13', '2022-06-10 10:54:21'), (111, 'App\\Models\\User', 3, 'auth_token', '7fa8734b04035358b28515caf06cd0bbded8e1b226db19f0955f68d33b99173d', '[\"producerRole\"]', '2022-06-10 11:06:23', '2022-06-10 10:56:16', '2022-06-10 11:06:23'), (112, 'App\\Models\\User', 3, 'auth_token', '3e73362426bad76ebfdb6c0daa9deea24bd78d7f0e290b78a329d89cab3686fc', '[\"producerRole\"]', '2022-06-10 11:39:16', '2022-06-10 11:20:36', '2022-06-10 11:39:16'), (113, 'App\\Models\\User', 3, 'auth_token', '2b8d12c0ad1cb9f7855b02d9651d671d90e984a77384843a16322a08273dddb4', '[\"producerRole\"]', '2022-06-10 12:07:00', '2022-06-10 11:44:13', '2022-06-10 12:07:00'), (114, 'App\\Models\\User', 3, 'auth_token', '2ec91623ac8aa0420c692435e0f9099ba24710e66adc9c3b33c988abe49875e4', '[\"producerRole\"]', '2022-06-10 12:39:13', '2022-06-10 12:35:02', '2022-06-10 12:39:13'), (115, 'App\\Models\\User', 3, 'auth_token', '0c60b531d2b8c863f1565f247b690bb36d812dfa8fb5a51bdfb74f40b42c6e22', '[\"producerRole\"]', '2022-06-10 12:41:12', '2022-06-10 12:40:57', '2022-06-10 12:41:12'), (116, 'App\\Models\\User', 3, 'auth_token', 'dbe28626c04446ba60fd768476ea8ca004aacc56a9e5a56b2b157eac5a5611e5', '[\"producerRole\"]', '2022-06-10 12:46:40', '2022-06-10 12:45:38', '2022-06-10 12:46:40'), (117, 'App\\Models\\User', 3, 'auth_token', '21dbd0551b18b17cebf58367076849bddc29b7ad19294594675d56a88a8b624a', '[\"producerRole\"]', '2022-06-10 12:59:51', '2022-06-10 12:59:43', '2022-06-10 12:59:51'), (118, 'App\\Models\\User', 3, 'auth_token', 'dc3983922395e825b02a041d483f7b414cc525567fc898dc9d4a4fcd5ba8b09d', '[\"producerRole\"]', '2022-06-10 13:29:25', '2022-06-10 13:13:23', '2022-06-10 13:29:25'), (119, 'App\\Models\\User', 3, 'auth_token', '941e5e847db7a03c1fa5b2b14c2b9c0af6ba314208d1b2f3e2bd78fef9dd7f32', '[\"producerRole\"]', '2022-06-10 13:37:42', '2022-06-10 13:37:33', '2022-06-10 13:37:42'), (120, 'App\\Models\\User', 3, 'auth_token', 'cbf27c6eb585660df81e1d663becc8197b18d77de4acedb7cc4500823bf6ccb4', '[\"producerRole\"]', '2022-06-10 13:54:30', '2022-06-10 13:40:13', '2022-06-10 13:54:30'), (121, 'App\\Models\\User', 3, 'auth_token', 'ebb1c4f0239c7e8992cebf40d5fa951564c6672aaf4c51683ee2314c4fa11453', '[\"producerRole\"]', '2022-06-10 14:00:34', '2022-06-10 14:00:26', '2022-06-10 14:00:34'), (122, 'App\\Models\\User', 3, 'auth_token', '96c56882ee4198bf08d1cd15b26795cf87c39787b97ed4c747e1753113fc522e', '[\"producerRole\"]', '2022-06-10 14:34:23', '2022-06-10 14:01:45', '2022-06-10 14:34:23'), (123, 'App\\Models\\User', 3, 'auth_token', 'c1e3c07ed4ceeb02e5ca4b6259c72eae772e16a038909436ecaa40d14f031326', '[\"producerRole\"]', '2022-06-10 15:02:23', '2022-06-10 15:00:06', '2022-06-10 15:02:23'), (124, 'App\\Models\\User', 3, 'auth_token', '267f58573c9b9ccb80681aa91f221f7293cd65d0611829fbd6c6f5cfd4cd33ee', '[\"producerRole\"]', '2022-06-12 13:33:26', '2022-06-12 13:05:03', '2022-06-12 13:33:26'), (125, 'App\\Models\\User', 3, 'auth_token', 'e278560bf5de79222f2f4175714f1a8ac6f31fea7c48cc4696d82d509fdaed2c', '[\"producerRole\"]', '2022-06-12 13:39:40', '2022-06-12 13:39:11', '2022-06-12 13:39:40'), (126, 'App\\Models\\User', 3, 'auth_token', '0a1809da49c5c90c6d7f894dc12103e39f81b38a95f7ddb71e1515f90cf3c72f', '[\"producerRole\"]', '2022-06-12 15:01:11', '2022-06-12 13:40:04', '2022-06-12 15:01:11'), (127, 'App\\Models\\User', 3, 'auth_token', '34f2d633335fc0ff748a2535d6687e1d2d19eb75df4179b1182f9b3828a2b8d3', '[\"producerRole\"]', '2022-06-12 15:25:17', '2022-06-12 15:18:44', '2022-06-12 15:25:17'), (128, 'App\\Models\\User', 3, 'auth_token', '91d7d1cd0d2fc01a9ef2a72e0cbd2949a270ad8e9a0b88a7cdcbc114a5e15eac', '[\"producerRole\"]', '2022-06-12 15:30:06', '2022-06-12 15:27:12', '2022-06-12 15:30:06'), (129, 'App\\Models\\User', 3, 'auth_token', 'e84435d9c710cd893d331b03d8e18bbe928f1a1dec2681316e2eae6e0816a63f', '[\"producerRole\"]', '2022-06-12 15:30:40', '2022-06-12 15:30:35', '2022-06-12 15:30:40'), (130, 'App\\Models\\User', 3, 'auth_token', 'efee223cd4c91065742f0f0841520eed36c3db8f44a2e6f624be975bd3f3c297', '[\"producerRole\"]', '2022-06-12 15:35:25', '2022-06-12 15:35:20', '2022-06-12 15:35:25'), (131, 'App\\Models\\User', 3, 'auth_token', '25f0cba82f07c6eaa50b350e9cf6ba424f25ab2f376537bb54dc9dbc446653d2', '[\"producerRole\"]', '2022-06-12 15:49:17', '2022-06-12 15:35:51', '2022-06-12 15:49:17'), (132, 'App\\Models\\User', 3, 'auth_token', '3832b085f06643d233bbafd88e17cefac8e6fdc8d4b6babc6b73767dad02431e', '[\"producerRole\"]', '2022-06-12 15:51:26', '2022-06-12 15:51:22', '2022-06-12 15:51:26'), (133, 'App\\Models\\User', 3, 'auth_token', 'e78eaacfcfd64bbc12c98c96266d97069d722b6d4c94f81c06f14fdc8bcba715', '[\"producerRole\"]', '2022-06-12 18:11:55', '2022-06-12 17:07:44', '2022-06-12 18:11:55'), (134, 'App\\Models\\User', 3, 'auth_token', 'bd3c9da99f2ae9c4cee4ab7f9282fbb502d31a09bd471cc3f5360ef3ac23dca2', '[\"producerRole\"]', '2022-06-12 18:20:50', '2022-06-12 18:20:03', '2022-06-12 18:20:50'), (135, 'App\\Models\\User', 3, 'auth_token', '670d72e5e49a4db867b48ed13a01d3c0d17887eb07269d79c41f0a211ced87bb', '[\"producerRole\"]', '2022-06-12 18:33:44', '2022-06-12 18:33:43', '2022-06-12 18:33:44'), (136, 'App\\Models\\User', 3, 'auth_token', '427e47e55fe1b79e03c935cd623954cc72287c887e2770976353be97b478aebc', '[\"producerRole\"]', '2022-06-12 19:58:47', '2022-06-12 18:35:23', '2022-06-12 19:58:47'), (137, 'App\\Models\\User', 3, 'auth_token', 'e65331a3cceb66090393491d89f7a389b70f80d22bd1863ce98ab99c6a4fa300', '[\"producerRole\"]', '2022-06-12 20:43:00', '2022-06-12 19:59:04', '2022-06-12 20:43:00'), (138, 'App\\Models\\User', 3, 'auth_token', '10f180ad18534226b1bd885a2b3261ebe2c9a08cccdc391542420ec3afaf4374', '[\"producerRole\"]', '2022-06-13 01:11:24', '2022-06-13 01:00:04', '2022-06-13 01:11:24'), (139, 'App\\Models\\User', 3, 'auth_token', '9e76eebd66c4af89fca5e1e22fb2d5a417c3b521c422a3d62a76ed1d7b99f897', '[\"producerRole\"]', '2022-06-13 01:39:59', '2022-06-13 01:21:18', '2022-06-13 01:39:59'), (140, 'App\\Models\\User', 3, 'auth_token', '2a24a1c5a274adb7cacd9a6c91d39840f07ec46e54bf641b0a860bc482deeb62', '[\"producerRole\"]', '2022-06-13 02:38:55', '2022-06-13 02:03:20', '2022-06-13 02:38:55'), (141, 'App\\Models\\User', 3, 'auth_token', '3f50131ab041bba438420a9b5d38438c6fa3fc1e5b57000b4b6c112767339c6e', '[\"producerRole\"]', '2022-06-13 02:41:22', '2022-06-13 02:39:35', '2022-06-13 02:41:22'), (142, 'App\\Models\\User', 3, 'auth_token', '84348c9391470ed3b3464b30726dfae1e3f6d0421c663efe1a562856ece677f0', '[\"producerRole\"]', '2022-06-13 03:03:42', '2022-06-13 02:44:43', '2022-06-13 03:03:42'), (143, 'App\\Models\\User', 3, 'auth_token', 'e14d62d2fff188d64e6767ebb8485e13441fda8e3c1d95e3bccde739f84734e9', '[\"producerRole\"]', '2022-06-13 03:19:48', '2022-06-13 03:18:17', '2022-06-13 03:19:48'), (144, 'App\\Models\\User', 3, 'auth_token', 'f5f72a6cce26c206dd65d4023374107d374df5dd54a619aace9cf06caf507aaf', '[\"producerRole\"]', '2022-06-13 03:33:00', '2022-06-13 03:32:29', '2022-06-13 03:33:00'), (145, 'App\\Models\\User', 3, 'auth_token', '5d3332a335ed40831e419e7693e2bdeab6b1bdd9b25bbe8bb14549adaa481b14', '[\"producerRole\"]', '2022-06-13 03:40:08', '2022-06-13 03:33:28', '2022-06-13 03:40:08'), (146, 'App\\Models\\User', 3, 'auth_token', '7d33e55649e0b8ce9b3a02898a911081fd1296dd8a5b36215bcfdd2015bc2852', '[\"producerRole\"]', '2022-06-13 04:15:56', '2022-06-13 03:56:18', '2022-06-13 04:15:56'), (147, 'App\\Models\\User', 3, 'auth_token', 'b0870a6c1e49f4ea11b48970353cb7fec70bf38e13cb498990e31ac1016635c7', '[\"producerRole\"]', '2022-06-13 04:31:05', '2022-06-13 04:16:22', '2022-06-13 04:31:05'), (148, 'App\\Models\\User', 3, 'auth_token', 'f6617417f68a777d6c5c72e52b8cd4b9afda5d1d1e5bbb8a30bf2b4b7dcd62d0', '[\"producerRole\"]', '2022-06-13 04:50:07', '2022-06-13 04:47:40', '2022-06-13 04:50:07'), (149, 'App\\Models\\User', 1, 'auth_token', '12d9a2722e64d29060d3e47cc5fec38969d5cf780ed9f67ddeb9dbeb6f16c7e9', '[\"workerRole\"]', '2022-06-13 04:52:58', '2022-06-13 04:52:57', '2022-06-13 04:52:58'), (150, 'App\\Models\\User', 1, 'auth_token', 'f72648c78995cd930af661694ac1e1272ef616425526ee072ca59749e47c3b86', '[\"workerRole\"]', '2022-06-13 05:16:10', '2022-06-13 05:06:31', '2022-06-13 05:16:10'), (151, 'App\\Models\\User', 1, 'auth_token', '300c8041bc543ffb96a29790e7202da8af92505a0f0adaa2b9c3e93e97a69976', '[\"workerRole\"]', '2022-06-13 08:44:33', '2022-06-13 08:40:43', '2022-06-13 08:44:33'), (152, 'App\\Models\\User', 1, 'auth_token', 'c538c5745fc4d32c8115f481666266789d2f8765fa71b6d75020d2b1632af99f', '[\"workerRole\"]', '2022-06-13 10:41:39', '2022-06-13 09:47:59', '2022-06-13 10:41:39'), (153, 'App\\Models\\User', 3, 'auth_token', '90552120baa79dbac09a99348e78e34006782e724115844e8cb018df1a77f357', '[\"producerRole\"]', '2022-06-13 11:23:38', '2022-06-13 11:23:37', '2022-06-13 11:23:38'), (154, 'App\\Models\\User', 1, 'auth_token', 'ab2893ac41f8dab7a9c61d4ff8872c0373fff618055079baabe6e110e66a98ca', '[\"workerRole\"]', '2022-06-13 11:44:13', '2022-06-13 11:23:55', '2022-06-13 11:44:13'), (155, 'App\\Models\\User', 1, 'auth_token', '6f088917b511b7ba8c98952e3c0d89a3f9f3a9b9a07031b2e7832eaf29fda3bb', '[\"workerRole\"]', '2022-06-13 11:45:52', '2022-06-13 11:45:51', '2022-06-13 11:45:52'), (156, 'App\\Models\\User', 1, 'auth_token', '8c4edb8a6ca9a93930b69b99d70c73cc9796b5fdf63c1566e595407d93a020d8', '[\"workerRole\"]', '2022-06-13 11:53:28', '2022-06-13 11:48:47', '2022-06-13 11:53:28'), (157, 'App\\Models\\User', 1, 'auth_token', '61eaa2612d3ee300184088645b942e7d962465836cbdfa7fe6ddaf198689a405', '[\"workerRole\"]', '2022-06-13 11:54:24', '2022-06-13 11:53:40', '2022-06-13 11:54:24'), (158, 'App\\Models\\User', 1, 'auth_token', '58f037970c0118116257a34d4e70b4b6b575ab7fa2d6aaee291fc516d558e1f2', '[\"workerRole\"]', '2022-06-13 11:55:06', '2022-06-13 11:54:44', '2022-06-13 11:55:06'), (159, 'App\\Models\\User', 1, 'auth_token', 'c371f92a3eb74bd0b7c6def3aeffa4e374803b68530a8e2b4ef2924f48a9cb96', '[\"workerRole\"]', '2022-06-13 12:06:58', '2022-06-13 12:00:09', '2022-06-13 12:06:58'), (160, 'App\\Models\\User', 1, 'auth_token', 'c23a472dd7b5682370ab9aae417056e100b0269f84e9af69005a7a0158c76db4', '[\"workerRole\"]', '2022-06-13 12:13:35', '2022-06-13 12:07:21', '2022-06-13 12:13:35'), (161, 'App\\Models\\User', 1, 'auth_token', 'b3ef564d9e37893bfd607d78dea56aa3bd6f8bf8e590fea1ac42f5e7ccaec0c7', '[\"workerRole\"]', '2022-06-13 12:15:33', '2022-06-13 12:14:15', '2022-06-13 12:15:33'), (162, 'App\\Models\\User', 1, 'auth_token', '5ebed6e690fc17e52694e4fb75d7e975b8a158ea79d9049b453d7615d9b3db6f', '[\"workerRole\"]', '2022-06-13 12:23:38', '2022-06-13 12:17:43', '2022-06-13 12:23:38'), (163, 'App\\Models\\User', 1, 'auth_token', '95d6a728e479d4cd11460d2a61927bf12430ba62bed06a6bc96c08612c009ee7', '[\"workerRole\"]', '2022-06-13 13:14:38', '2022-06-13 12:24:12', '2022-06-13 13:14:38'), (164, 'App\\Models\\User', 1, 'auth_token', '43a202ea04d74ee2910145cd2cee047e7206af8dc3ada901681c8c31cb98fce2', '[\"workerRole\"]', '2022-06-13 13:15:43', '2022-06-13 13:15:08', '2022-06-13 13:15:43'), (165, 'App\\Models\\User', 1, 'auth_token', 'f444de23b6e4d005b573ec00b76dfc6a091bdae5306167f6d77d11dc910d75f6', '[\"workerRole\"]', '2022-06-13 13:35:45', '2022-06-13 13:16:26', '2022-06-13 13:35:45'), (166, 'App\\Models\\User', 1, 'auth_token', '85f2a8ad8fabd279d4a5b6df31b8dbc032b4c556efc34af753fd595a444f0b49', '[\"workerRole\"]', '2022-06-13 14:40:45', '2022-06-13 13:37:05', '2022-06-13 14:40:45'), (167, 'App\\Models\\User', 1, 'auth_token', '18f877f8145151ed8a62e6546827b1c60358cad1ab79a1b48fd0d68bf46b11c5', '[\"workerRole\"]', '2022-06-13 14:44:49', '2022-06-13 14:40:59', '2022-06-13 14:44:49'), (168, 'App\\Models\\User', 1, 'auth_token', '5553fd238285d0df1c34202a35dc9e1d0f52279a9e17e30d86e090a8d9b96fc3', '[\"workerRole\"]', '2022-06-13 17:23:25', '2022-06-13 15:18:34', '2022-06-13 17:23:25'), (169, 'App\\Models\\User', 1, 'auth_token', 'ec23bdb410d31a21fab00eea7cd1f7a2000e2656a6605cb6ad25429ac69c7071', '[\"workerRole\"]', '2022-06-13 21:39:11', '2022-06-13 21:30:30', '2022-06-13 21:39:11'), (170, 'App\\Models\\User', 1, 'auth_token', '6a2d6cdd39022e3a3474531c38040aeb7e99c1c72ee27d34b79fee6f6bf21d5a', '[\"workerRole\"]', '2022-06-13 22:18:32', '2022-06-13 22:18:31', '2022-06-13 22:18:32'), (171, 'App\\Models\\User', 1, 'auth_token', '8ab2de01001a050f41a74ac7dbc1a030da1bfd6776673752b194fffafe152856', '[\"workerRole\"]', '2022-06-13 22:21:24', '2022-06-13 22:21:22', '2022-06-13 22:21:24'), (172, 'App\\Models\\User', 1, 'auth_token', 'ab06a775f20b880619389b41bf28da59526281f98a8ea5106f93520fced65fef', '[\"workerRole\"]', '2022-06-14 07:47:15', '2022-06-13 22:46:40', '2022-06-14 07:47:15'), (173, 'App\\Models\\User', 1, 'auth_token', 'd13f33d84f0678e729ae2c0705b97447f8affdad07d736996066c2395e79846e', '[\"workerRole\"]', '2022-06-14 09:18:13', '2022-06-14 07:47:32', '2022-06-14 09:18:13'), (174, 'App\\Models\\User', 1, 'auth_token', '24f120a5dcee47db9add1ceae7b4528a29a2bcbe82c74f3f4a61ff3926e6e33c', '[\"workerRole\"]', '2022-06-14 09:19:29', '2022-06-14 09:18:51', '2022-06-14 09:19:29'), (175, 'App\\Models\\User', 1, 'auth_token', '8559e8f40e8c0e89ed9615ab6d0e85c685afd87b96ad02e46e3af8a8dfc65ac0', '[\"workerRole\"]', '2022-06-14 09:24:53', '2022-06-14 09:20:06', '2022-06-14 09:24:53'), (176, 'App\\Models\\User', 1, 'auth_token', 'bd10d23bce86533e44d61d98a89bd0719fafe820ed59509464018f46720888a3', '[\"workerRole\"]', '2022-06-14 09:28:58', '2022-06-14 09:26:13', '2022-06-14 09:28:58'), (177, 'App\\Models\\User', 1, 'auth_token', 'db0effdf5cac7ed3ea4b43eade1744e236b0c40dd62292d85649aef76f842092', '[\"workerRole\"]', '2022-06-14 09:31:36', '2022-06-14 09:30:44', '2022-06-14 09:31:36'), (178, 'App\\Models\\User', 1, 'auth_token', '5fa6f8c3a542c7bbfb5a976dfb3ab01ecb35ea0a1989f972026de6252ff67044', '[\"workerRole\"]', '2022-06-15 05:39:10', '2022-06-15 05:23:37', '2022-06-15 05:39:10'), (179, 'App\\Models\\User', 1, 'auth_token', 'fec4bfe069823dddb44efef645093f5d45eb332e6fbc9f4f2123c12fb92c1ee8', '[\"workerRole\"]', '2022-06-15 05:39:57', '2022-06-15 05:39:52', '2022-06-15 05:39:57'), (180, 'App\\Models\\User', 1, 'auth_token', 'cd1e1a5cd27f3a977f879d42d81eca937d1f4250439f21299720054977b0e2d4', '[\"workerRole\"]', '2022-06-15 06:10:55', '2022-06-15 05:41:06', '2022-06-15 06:10:55'), (181, 'App\\Models\\User', 1, 'auth_token', '0938a7a07936cb7d4393fc658cdfdd531962d15cbe4c2d6e290a53ced74808f1', '[\"workerRole\"]', '2022-06-15 07:53:32', '2022-06-15 07:29:10', '2022-06-15 07:53:32'), (182, 'App\\Models\\User', 1, 'auth_token', '7134238ab575c155e2a2afcfef9393b957ae357dc0d6709985c5b59c25f7ecd7', '[\"workerRole\"]', '2022-06-15 09:01:18', '2022-06-15 08:19:06', '2022-06-15 09:01:18'), (183, 'App\\Models\\User', 1, 'auth_token', 'a1f2fc6a8c98cdfd04ce2ad1e7a9c1711152790b9fbdc29eeb1cfb10bc0b872f', '[\"workerRole\"]', '2022-06-15 09:06:54', '2022-06-15 09:01:59', '2022-06-15 09:06:54'), (184, 'App\\Models\\User', 1, 'auth_token', '6bb70816456d2f155881cc0dbe0fde75bb356c4cbaef91c0d82d72ed94893d4d', '[\"workerRole\"]', '2022-06-15 09:07:46', '2022-06-15 09:07:38', '2022-06-15 09:07:46'), (185, 'App\\Models\\User', 1, 'auth_token', 'ddbac25988b854d77ffa64c235ade552dadac056214926158afe3c51fd42d043', '[\"workerRole\"]', '2022-06-15 09:09:12', '2022-06-15 09:09:04', '2022-06-15 09:09:12'), (186, 'App\\Models\\User', 1, 'auth_token', '77fc1072f724bc7ae98b74d14daf2b2d18ef2d4e96f6a9dd37774e388ae7bc10', '[\"workerRole\"]', '2022-06-15 09:09:58', '2022-06-15 09:09:48', '2022-06-15 09:09:58'), (187, 'App\\Models\\User', 1, 'auth_token', 'ce752d29a3e31b2c6c63f4d3842057c9f47e09fffdc2ea84113a51b132e50c0f', '[\"workerRole\"]', '2022-06-15 09:28:41', '2022-06-15 09:10:43', '2022-06-15 09:28:41'), (188, 'App\\Models\\User', 1, 'auth_token', '2a3323a203153bed94caae87165c6cef55bba623bbb6d7456053ef907a19b339', '[\"workerRole\"]', '2022-06-15 09:29:24', '2022-06-15 09:29:17', '2022-06-15 09:29:24'), (189, 'App\\Models\\User', 1, 'auth_token', '62d07a4813a606f2c7dbf5bd1894f628e3e69e3fd641b1ef21ce706f1cdaf535', '[\"workerRole\"]', '2022-06-15 20:12:53', '2022-06-15 20:06:24', '2022-06-15 20:12:53'), (190, 'App\\Models\\User', 1, 'auth_token', 'ca1a87b691454aa74e711ec9673c730d612327de49efef045476a9adc5a1cb9f', '[\"workerRole\"]', '2022-06-16 07:57:14', '2022-06-16 07:56:33', '2022-06-16 07:57:14'), (191, 'App\\Models\\User', 1, 'auth_token', '97525437fd7161c28c358498052ad30e16f4b308f24e16f87c1f3791ca6bdb1d', '[\"workerRole\"]', '2022-06-16 08:06:17', '2022-06-16 08:05:01', '2022-06-16 08:06:17'), (192, 'App\\Models\\User', 1, 'auth_token', '1c995c6875779bd07175cab952ba61fa692e47a4c5ddba88fea46086c5b43012', '[\"workerRole\"]', '2022-06-16 08:15:24', '2022-06-16 08:07:39', '2022-06-16 08:15:24'), (193, 'App\\Models\\User', 1, 'auth_token', '295c4ae8b1f4ceae23576cf888fb3257489fb7c4a4d6cca98800647cb226f871', '[\"workerRole\"]', '2022-06-16 08:22:56', '2022-06-16 08:16:41', '2022-06-16 08:22:56'), (194, 'App\\Models\\User', 1, 'auth_token', '5564102bd86b3d8e056e210408ebc57cf8b368175c0f75eb749dccb4156c1788', '[\"workerRole\"]', '2022-06-16 08:28:28', '2022-06-16 08:24:05', '2022-06-16 08:28:28'), (195, 'App\\Models\\User', 1, 'auth_token', '485f2ea436f3cc26240c3c17f3c4768ee123bf99a00f3d4ab14553249fb20170', '[\"workerRole\"]', '2022-06-16 09:06:44', '2022-06-16 08:30:05', '2022-06-16 09:06:44'), (196, 'App\\Models\\User', 1, 'auth_token', '1a7a56dbc49c8ed3ab2c4a88b3648a232b4ad929ef9da815ded02491e353f44a', '[\"workerRole\"]', '2022-06-16 09:12:40', '2022-06-16 09:07:04', '2022-06-16 09:12:40'), (197, 'App\\Models\\User', 1, 'auth_token', '661e2609efc02df38ddc85726f3519eba5a4a44343997c07bc279796e588fdae', '[\"workerRole\"]', '2022-06-16 09:28:57', '2022-06-16 09:25:41', '2022-06-16 09:28:57'), (198, 'App\\Models\\User', 1, 'auth_token', '61b1b3ab8cc6dc5de590425184e8fa4c81a58d86922ae4a55ee5685542d6900f', '[\"workerRole\"]', '2022-06-16 10:09:24', '2022-06-16 10:06:36', '2022-06-16 10:09:24'), (199, 'App\\Models\\User', 1, 'auth_token', '1e3bdfed3e71515df8adf0b394a3590a1c846c3f158b3c8d7c6e636766e90d84', '[\"workerRole\"]', '2022-06-16 10:37:55', '2022-06-16 10:35:59', '2022-06-16 10:37:55'), (200, 'App\\Models\\User', 1, 'auth_token', 'b14aaa053e76c0f7b5ac494639a62646977a74d19e90da7768c5ba0e4b86fa64', '[\"workerRole\"]', '2022-06-16 10:46:16', '2022-06-16 10:38:29', '2022-06-16 10:46:16'), (201, 'App\\Models\\User', 1, 'auth_token', '29ff3a54c1ebd530a3573d129c19f9ca332d72280358f085037e42f86e5e2e99', '[\"workerRole\"]', '2022-06-16 10:47:27', '2022-06-16 10:47:21', '2022-06-16 10:47:27'), (202, 'App\\Models\\User', 1, 'auth_token', 'da9ed705060b1f1951212ef15fc32038341d63376e5100db1e2e1738926c457f', '[\"workerRole\"]', '2022-06-16 11:03:06', '2022-06-16 11:02:24', '2022-06-16 11:03:06'), (203, 'App\\Models\\User', 1, 'auth_token', 'bbf8c4fa06456cd9ae0aedca3d438aceb86c6cd7323b451d086c31af33c634f6', '[\"workerRole\"]', '2022-06-16 11:31:54', '2022-06-16 11:04:46', '2022-06-16 11:31:54'), (204, 'App\\Models\\User', 1, 'auth_token', '380c4debf300d396588fae67aceb4d8c4d6268a231f3a1bb55883f93a5d2f0f9', '[\"workerRole\"]', '2022-06-16 12:55:06', '2022-06-16 11:34:58', '2022-06-16 12:55:06'), (205, 'App\\Models\\User', 1, 'auth_token', 'b18b06efa11f49a5f8d34bf50a94ca8ce185a1e6d2105844301ff29ca0d8b318', '[\"workerRole\"]', '2022-06-16 12:56:04', '2022-06-16 12:55:20', '2022-06-16 12:56:04'), (206, 'App\\Models\\User', 1, 'auth_token', '2da80818ca19b0b2e30a9acb4577c4f75b8c0381d94f6e726a5bd15a2d18794c', '[\"workerRole\"]', '2022-06-16 13:09:26', '2022-06-16 13:03:18', '2022-06-16 13:09:26'), (207, 'App\\Models\\User', 3, 'auth_token', '7fcdcb4cbc6bc67899d962bb978efa3cf378192b4e00a246fa53faf319d11dfd', '[\"producerRole\"]', '2022-06-16 13:18:37', '2022-06-16 13:10:15', '2022-06-16 13:18:37'), (208, 'App\\Models\\User', 3, 'auth_token', '8d9dedbdf917a37e44ac9e8f482367450f22d8bce85224597c04c5626c8b3dca', '[\"producerRole\"]', '2022-06-16 16:54:06', '2022-06-16 13:19:54', '2022-06-16 16:54:06'), (209, 'App\\Models\\User', 3, 'auth_token', '2034bdc6f590bddc8a4acd37814d978316e53d140d06a395b3a475a3d397e9fc', '[\"producerRole\"]', '2022-06-17 00:53:55', '2022-06-17 00:41:11', '2022-06-17 00:53:55'), (210, 'App\\Models\\User', 1, 'auth_token', '0318bd55df7562cec52ab2a56d3189f3b9ea2cc4bf4798f3b4d1b4b4e2a21461', '[\"workerRole\"]', '2022-06-17 00:52:19', '2022-06-17 00:43:00', '2022-06-17 00:52:19'), (211, 'App\\Models\\User', 3, 'auth_token', '4cd92af673683c19f96483386af9b57f371a2ffa03fa3d5287dad201f3edceb3', '[\"producerRole\"]', '2022-06-17 01:10:38', '2022-06-17 01:03:32', '2022-06-17 01:10:38'), (212, 'App\\Models\\User', 3, 'auth_token', 'd29c60a8078a6eaacda8b7266dd762e3ee56757d3ec1c5bd1dc9a3bbc68e0229', '[\"producerRole\"]', '2022-06-17 01:52:55', '2022-06-17 01:18:47', '2022-06-17 01:52:55'), (213, 'App\\Models\\User', 3, 'auth_token', 'b2a4d4e45b105151286196db96ecfc1a3e73310820af022ebf7fa54c2e148c00', '[\"producerRole\"]', '2022-06-17 01:56:34', '2022-06-17 01:53:43', '2022-06-17 01:56:34'), (214, 'App\\Models\\User', 3, 'auth_token', 'f44f9fca0d92a6083a805aae584823df31fcc4e45f3cc8e5a84d7108e7ac5b53', '[\"producerRole\"]', '2022-06-17 01:59:06', '2022-06-17 01:58:57', '2022-06-17 01:59:06'), (215, 'App\\Models\\User', 3, 'auth_token', 'b965f7244ba369ae894e83a63d83c49a97078d15066d08c39a48f31f5c59e5db', '[\"producerRole\"]', '2022-06-17 02:13:24', '2022-06-17 02:00:25', '2022-06-17 02:13:24'), (216, 'App\\Models\\User', 3, 'auth_token', '48446c2138ea2a3bc1c5f9875995d33f14b28d0aed41eb9f0755ae7fc9f7eb10', '[\"producerRole\"]', '2022-06-17 02:04:56', '2022-06-17 02:04:07', '2022-06-17 02:04:56'), (217, 'App\\Models\\User', 3, 'auth_token', 'ca9705eb40c777b6f1618d504bacbe66e47906c1d9be4827b4c02f036121ef87', '[\"producerRole\"]', '2022-06-17 02:19:05', '2022-06-17 02:18:51', '2022-06-17 02:19:05'), (218, 'App\\Models\\User', 3, 'auth_token', '4ec30ae147430356a003ebb8187e84e3127afafb1cfae935d1a68038e1b328b3', '[\"producerRole\"]', '2022-06-17 03:23:49', '2022-06-17 02:21:38', '2022-06-17 03:23:49'), (219, 'App\\Models\\User', 1, 'auth_token', 'bbcbd4e37c49935fec51d6ec9d821a2247f540ef1518a22f9774979c285e8dfc', '[\"workerRole\"]', '2022-06-17 04:11:47', '2022-06-17 03:24:25', '2022-06-17 04:11:47'), (220, 'App\\Models\\User', 1, 'auth_token', '30f32c2a72049f118d80b5141d0a673d1928e35f44ae23c6433f5f7f8bd103f0', '[\"workerRole\"]', '2022-06-17 04:10:31', '2022-06-17 04:10:30', '2022-06-17 04:10:31'), (221, 'App\\Models\\User', 1, 'auth_token', 'afa660b2f5ce87a9ae2bc7e4a0371da64372ccf9f978aeacc225c29629f98254', '[\"workerRole\"]', '2022-06-17 04:20:29', '2022-06-17 04:20:28', '2022-06-17 04:20:29'), (222, 'App\\Models\\User', 1, 'auth_token', '1992e223b4dad5f5c7f36d3770b33a722c9cd677b714b2da63705663606c6143', '[\"workerRole\"]', '2022-06-17 04:24:00', '2022-06-17 04:23:58', '2022-06-17 04:24:00'), (223, 'App\\Models\\User', 1, 'auth_token', '1024db83e3a6da259739eff09535262b458666b4304df5d74be55bf47b26526d', '[\"workerRole\"]', '2022-06-17 09:09:36', '2022-06-17 04:48:29', '2022-06-17 09:09:36'), (224, 'App\\Models\\User', 1, 'auth_token', '663b7c3c197fb8f7b4765b58c6626334c211a96ad39b773c070819fb331443c1', '[\"workerRole\"]', '2022-06-17 09:26:14', '2022-06-17 09:26:13', '2022-06-17 09:26:14'), (225, 'App\\Models\\User', 1, 'auth_token', '3ab3c7f1b13fb29d4b6dc09dcb35c2016438e5e834812971fce2e220a5fefe16', '[\"workerRole\"]', '2022-06-17 09:29:10', '2022-06-17 09:29:09', '2022-06-17 09:29:10'), (226, 'App\\Models\\User', 1, 'auth_token', 'f682779319d98621ac7cb5d1403c4bf4f8174633039feaeb55398081afd82400', '[\"workerRole\"]', '2022-06-17 09:50:18', '2022-06-17 09:38:51', '2022-06-17 09:50:18'), (227, 'App\\Models\\User', 1, 'auth_token', 'd9eb0d4f5eda31a8cfca4bde5c765ddee1d9ea9e4b3df3b3f035c859740f49ed', '[\"workerRole\"]', '2022-06-17 09:50:17', '2022-06-17 09:43:10', '2022-06-17 09:50:17'), (228, 'App\\Models\\User', 1, 'auth_token', 'c6608fe00f05da4fce256e4c5d2bc30309ab32d14b97ea11c23d50f3ba88aba9', '[\"workerRole\"]', '2022-06-17 09:46:53', '2022-06-17 09:46:51', '2022-06-17 09:46:53'), (229, 'App\\Models\\User', 1, 'auth_token', 'e8eb642169ac0fd03c086a5ea23e13988c8a445435e82cee3f8ae7bec7ad0bbe', '[\"workerRole\"]', '2022-06-17 09:49:31', '2022-06-17 09:49:29', '2022-06-17 09:49:31'), (230, 'App\\Models\\User', 1, 'auth_token', '8ede5e08b712021d3d5758a5f3be7dafc5da1cf66872970ff8d0cd1b660bea60', '[\"workerRole\"]', '2022-06-17 09:50:48', '2022-06-17 09:50:47', '2022-06-17 09:50:48'), (231, 'App\\Models\\User', 1, 'auth_token', '192b31f345609410274c9df850ec7c49b48e34abcd4eb16382f580a396441ffa', '[\"workerRole\"]', '2022-06-17 09:52:26', '2022-06-17 09:52:07', '2022-06-17 09:52:26'), (232, 'App\\Models\\User', 1, 'auth_token', '627a963bc4ef7f9b4cdaca73e8456919b1718535aa8792d981d87b1e92302eea', '[\"workerRole\"]', '2022-06-17 09:55:03', '2022-06-17 09:53:01', '2022-06-17 09:55:03'), (233, 'App\\Models\\User', 1, 'auth_token', '837e8c51af27b3fc2f6c16cdfa1bb506b47cc32c7100325f8c28aa16341f68da', '[\"workerRole\"]', '2022-06-17 09:56:26', '2022-06-17 09:55:35', '2022-06-17 09:56:26'), (234, 'App\\Models\\User', 1, 'auth_token', '1bb10d9f1c660c261c8ee0daf0153eb5082fc28a2c83f162125fcda308df5577', '[\"workerRole\"]', '2022-06-17 09:57:38', '2022-06-17 09:57:20', '2022-06-17 09:57:38'), (235, 'App\\Models\\User', 1, 'auth_token', '9d360e141268f4b20eb34d5eaf25fdc2f40e98b893e1df0c56a3694e47e0425c', '[\"workerRole\"]', '2022-06-17 10:00:04', '2022-06-17 09:57:56', '2022-06-17 10:00:04'), (236, 'App\\Models\\User', 1, 'auth_token', '535b7bf3f3d9c5310ccf8c283f367c626fb6c7c16dd2470ac049408c63d48273', '[\"workerRole\"]', '2022-06-17 10:00:35', '2022-06-17 10:00:34', '2022-06-17 10:00:35'), (237, 'App\\Models\\User', 1, 'auth_token', '09fe083c29d16dbab6d9728e0892572aba4cfb2d7fadaa2c2b9254ef2dd2e1a9', '[\"workerRole\"]', '2022-06-17 10:14:11', '2022-06-17 10:01:37', '2022-06-17 10:14:11'), (238, 'App\\Models\\User', 1, 'auth_token', '2cb77da4d45d02799ebf40980adb0a919b439a990c5a8fc43c5cbb46893aa8aa', '[\"workerRole\"]', '2022-06-17 10:15:32', '2022-06-17 10:14:57', '2022-06-17 10:15:32'), (239, 'App\\Models\\User', 1, 'auth_token', '9cc8e5bdd4c1aeda6fc280a6adf5dfbbf4dafe6e3b36258695feff8a75c8f18c', '[\"workerRole\"]', '2022-06-17 10:18:36', '2022-06-17 10:15:54', '2022-06-17 10:18:36'), (240, 'App\\Models\\User', 1, 'auth_token', '52c430e954f48277d54b22fc3551f8c0c5491436edcfa35ba811d2ec24ecaad7', '[\"workerRole\"]', '2022-06-17 10:27:57', '2022-06-17 10:18:55', '2022-06-17 10:27:57'), (241, 'App\\Models\\User', 1, 'auth_token', '2fc1a951b5eaffa9a38ee93af2234e97dd0abb86726b4659f35aacaa583031ca', '[\"workerRole\"]', '2022-06-17 10:44:30', '2022-06-17 10:44:28', '2022-06-17 10:44:30'), (242, 'App\\Models\\User', 1, 'auth_token', 'f4ed793988d0b0e9f7c073de45803d7458e518f81a92c7ed3a30ee4f7949b937', '[\"workerRole\"]', '2022-06-17 11:32:03', '2022-06-17 10:50:00', '2022-06-17 11:32:03'), (243, 'App\\Models\\User', 1, 'auth_token', '0d41982cf404f18a61ae1f543e0b4e3b19c85724cce036c13671e5140286d7ce', '[\"workerRole\"]', '2022-06-17 12:34:28', '2022-06-17 11:33:06', '2022-06-17 12:34:28'), (244, 'App\\Models\\User', 3, 'auth_token', 'f59870ab9704dfd5af59a0ccdecf5b8b3d4c12189e1c02a371111df100a917ce', '[\"producerRole\"]', '2022-06-17 12:41:56', '2022-06-17 12:34:46', '2022-06-17 12:41:56'), (245, 'App\\Models\\User', 3, 'auth_token', 'b15fdc42813980437e8dc16e3cfd75fa031d3cc528b66e1a3852680f5dca4b84', '[\"producerRole\"]', '2022-06-17 12:51:22', '2022-06-17 12:42:08', '2022-06-17 12:51:22'), (246, 'App\\Models\\User', 3, 'auth_token', '79d0f3231ba3c2fa73d18b94dc192fe13930450eb80277bb29f9c878d713e0f3', '[\"producerRole\"]', '2022-06-17 12:59:12', '2022-06-17 12:58:16', '2022-06-17 12:59:12'), (247, 'App\\Models\\User', 3, 'auth_token', '6be14ddf1cc6ebcff1f7426a81d92b56b3c6b1d008ab85080b1c93695c0d90fe', '[\"producerRole\"]', '2022-06-17 13:07:08', '2022-06-17 13:07:06', '2022-06-17 13:07:08'), (248, 'App\\Models\\User', 3, 'auth_token', 'd0551cba9a7c3eaf6d36cd99cfa9d883446e0205a60fcf6fc953296e4e34568f', '[\"producerRole\"]', '2022-06-17 14:24:48', '2022-06-17 13:07:07', '2022-06-17 14:24:48'), (249, 'App\\Models\\User', 3, 'auth_token', '52a78c23e6f11839f1ec43451c2912901e35d110fcfdadb6305ba2cd3f4bb3eb', '[\"producerRole\"]', '2022-06-17 14:35:05', '2022-06-17 14:32:42', '2022-06-17 14:35:05'), (250, 'App\\Models\\User', 3, 'auth_token', '539f745874ffefcbb9ebd332fe06d654373f9496d6c03f4a9f5eb56974f069fa', '[\"producerRole\"]', '2022-06-17 14:51:04', '2022-06-17 14:35:56', '2022-06-17 14:51:04'), (251, 'App\\Models\\User', 1, 'auth_token', 'af3defdb09995ba83f663005367b93a462d5e0708bb80e4b08f1fc5ad6afeb10', '[\"workerRole\"]', '2022-06-17 15:03:31', '2022-06-17 14:51:25', '2022-06-17 15:03:31'), (252, 'App\\Models\\User', 3, 'auth_token', '47ab34294ae8a18d633f5871af820999dadd4eb14aa519c446b806b8175a2fd6', '[\"producerRole\"]', '2022-06-17 15:03:46', '2022-06-17 15:03:44', '2022-06-17 15:03:46'), (253, 'App\\Models\\User', 3, 'auth_token', 'b7c65980c57d4e54977504d9b497c15adff74f79f54650f71b04fbc7dedc123f', '[\"producerRole\"]', '2022-06-17 15:18:59', '2022-06-17 15:17:03', '2022-06-17 15:18:59'), (254, 'App\\Models\\User', 3, 'auth_token', 'fb4ea54a0ff87509169cae28bcd8db3b53200e25062b15b6ed3ebc75accb4bc3', '[\"producerRole\"]', '2022-06-17 15:24:50', '2022-06-17 15:24:49', '2022-06-17 15:24:50'), (255, 'App\\Models\\User', 3, 'auth_token', '58dc1a91a684fb81c023e1b8a273721edd08345047aee9e88dcdcccd323e3f0b', '[\"producerRole\"]', '2022-06-22 01:22:23', '2022-06-22 01:14:58', '2022-06-22 01:22:23'), (256, 'App\\Models\\User', 3, 'auth_token', '185d0bac6b307770fa80df103fa4524b4b8b42caba5ebe0dc9a4c0a79240971a', '[\"producerRole\"]', '2022-06-22 01:25:22', '2022-06-22 01:23:05', '2022-06-22 01:25:22'), (257, 'App\\Models\\User', 3, 'auth_token', '5d1f0544b49bc0db3bf4e292198a230eeba30e0ae24849e4d36f5ef259c34f2a', '[\"producerRole\"]', '2022-06-22 01:26:58', '2022-06-22 01:26:56', '2022-06-22 01:26:58'), (258, 'App\\Models\\User', 3, 'auth_token', '96c0494db6ccba6efd34fdcb7f73649ce6d555f49939a8a94b3fde6698a017a7', '[\"producerRole\"]', '2022-06-22 02:01:40', '2022-06-22 01:31:03', '2022-06-22 02:01:40'), (259, 'App\\Models\\User', 3, 'auth_token', 'cf89e659ae500abbd35856b45d7f139f55329c6311be4890c04201bfe596a35b', '[\"producerRole\"]', '2022-06-22 02:17:53', '2022-06-22 02:02:24', '2022-06-22 02:17:53'), (260, 'App\\Models\\User', 3, 'auth_token', '73c4400e1d762f61110ae454874bb4c5d3a26e3207942d987a6719a10261b81d', '[\"producerRole\"]', '2022-06-22 02:28:51', '2022-06-22 02:23:41', '2022-06-22 02:28:51'), (261, 'App\\Models\\User', 3, 'auth_token', 'ca792bdf85e69cf905ee9ff4456be97beba672a3712fd681ab9e66f70264ca8b', '[\"producerRole\"]', '2022-06-22 03:24:01', '2022-06-22 02:29:14', '2022-06-22 03:24:01'), (262, 'App\\Models\\User', 3, 'auth_token', '0d95555cd8b91e45bc08ffb74ae2dbf9a74133d65ac5555e09038b5b7f467854', '[\"producerRole\"]', '2022-06-22 03:51:02', '2022-06-22 03:26:01', '2022-06-22 03:51:02'), (263, 'App\\Models\\User', 3, 'auth_token', 'aa6ccd8f048529dc444178fbc982c04176e5b7afb4ffa38e625305b65753f3b4', '[\"producerRole\"]', '2022-06-22 04:03:05', '2022-06-22 03:51:19', '2022-06-22 04:03:05'), (264, 'App\\Models\\User', 3, 'auth_token', '779c6fc5922f9a1d77469cbf1620ab1246e3d8620f962e3ea9c7be8d1c9357ed', '[\"producerRole\"]', '2022-06-22 04:30:38', '2022-06-22 04:04:26', '2022-06-22 04:30:38'), (265, 'App\\Models\\User', 3, 'auth_token', '9798e42505bd6c9d7dce93dbbfc718298f889b74c31ce9f51b9b8cfae03fce38', '[\"producerRole\"]', '2022-06-22 04:32:18', '2022-06-22 04:30:55', '2022-06-22 04:32:18'), (266, 'App\\Models\\User', 3, 'auth_token', 'cc14e475e5927f24c30d50f74fc15318f5a2e4478999ad6dcfbc1faaa97e6c71', '[\"producerRole\"]', '2022-06-22 04:36:01', '2022-06-22 04:33:43', '2022-06-22 04:36:01'), (267, 'App\\Models\\User', 3, 'auth_token', '0bcd8a491acfec24deab589f160a2c9b35c23eae04e711dded1ff16e25cb116e', '[\"producerRole\"]', '2022-06-22 04:37:58', '2022-06-22 04:36:39', '2022-06-22 04:37:58'), (268, 'App\\Models\\User', 1, 'auth_token', '6fefeb952c01448fc348e1c7e60a75043fbefa1449e5038382343aa8b029ab19', '[\"workerRole\"]', '2022-06-22 04:39:29', '2022-06-22 04:38:18', '2022-06-22 04:39:29'), (269, 'App\\Models\\User', 3, 'auth_token', '403560d66d7532320fd17d7dcac770f43fdcd3be697db25ceead9684954084b0', '[\"producerRole\"]', '2022-06-22 04:42:46', '2022-06-22 04:40:39', '2022-06-22 04:42:46'), (270, 'App\\Models\\User', 1, 'auth_token', '63fc3538d160bb51ced1803a36f48e1315a1b9cc238ccd8d0668ff8f3a3983ce', '[\"workerRole\"]', '2022-06-22 05:07:33', '2022-06-22 04:43:08', '2022-06-22 05:07:33'), (271, 'App\\Models\\User', 1, 'auth_token', 'f25a5d6c3bce149c04badd93f7ddd725324a401fd4e01d644b6fbdc5e212393e', '[\"workerRole\"]', '2022-06-22 05:10:56', '2022-06-22 05:08:04', '2022-06-22 05:10:56'), (272, 'App\\Models\\User', 1, 'auth_token', '101c37c5987cfd75879802cc07bec0009e96ffcf82ae118122c5fe90150af3de', '[\"workerRole\"]', '2022-06-22 05:32:40', '2022-06-22 05:21:02', '2022-06-22 05:32:40'), (273, 'App\\Models\\User', 1, 'auth_token', 'd65d176c8ae40047522da060e68dfa533b6156b19d81b6f9550a16478f334d30', '[\"workerRole\"]', '2022-06-22 05:41:18', '2022-06-22 05:33:48', '2022-06-22 05:41:18'), (274, 'App\\Models\\User', 1, 'auth_token', 'e732164fec8f12ecbe335a042d602c1ae6851c5c4572704359bba2dfdbe1dcad', '[\"workerRole\"]', '2022-06-22 05:51:35', '2022-06-22 05:42:34', '2022-06-22 05:51:35'), (275, 'App\\Models\\User', 3, 'auth_token', '8ec7cecb231743db0011d0eb18feb3f0a53c449d7824281303dfb61e93b5271e', '[\"producerRole\"]', '2022-06-22 05:56:17', '2022-06-22 05:51:54', '2022-06-22 05:56:17'), (276, 'App\\Models\\User', 3, 'auth_token', 'ef669731826609e67800e26a8d1c039174898457d9e87aba91017e07cc1894ad', '[\"producerRole\"]', '2022-06-22 08:33:04', '2022-06-22 06:15:49', '2022-06-22 08:33:04'), (277, 'App\\Models\\User', 3, 'auth_token', '559baf501ecd98d0721ec23034656274ef5afa1f9d57e9c1b4cd60b43d415406', '[\"producerRole\"]', '2022-06-22 06:21:34', '2022-06-22 06:19:22', '2022-06-22 06:21:34'), (278, 'App\\Models\\User', 3, 'auth_token', 'd03b250372cd3d8bda7c3b61b1e197f27789638498d58a78f8e772b484bffe9c', '[\"producerRole\"]', '2022-06-22 06:59:04', '2022-06-22 06:21:53', '2022-06-22 06:59:04'), (279, 'App\\Models\\User', 3, 'auth_token', 'be4415f2c43ed30447478220fbd9c61910d3fda7dfee75e81af46cdbe5440733', '[\"producerRole\"]', '2022-06-22 08:39:36', '2022-06-22 07:10:40', '2022-06-22 08:39:36'), (280, 'App\\Models\\User', 3, 'auth_token', 'aa22856cd09dcfdc32e96ff667e5710e9ed45828ed3cad1d1f4dbe81099b3e54', '[\"producerRole\"]', '2022-06-22 09:16:53', '2022-06-22 08:40:06', '2022-06-22 09:16:53'), (281, 'App\\Models\\User', 3, 'auth_token', 'eb853c7d5212fcaea7d39b7f2000c2b7b20717dbabe85ab79d2e7cc5b3f06420', '[\"producerRole\"]', '2022-06-22 09:30:37', '2022-06-22 09:26:50', '2022-06-22 09:30:37'), (282, 'App\\Models\\User', 3, 'auth_token', '1925b8dce8545d6aa6d26c8372db66cfa655090307b10c3c11539da7036d45b5', '[\"producerRole\"]', '2022-06-22 10:48:19', '2022-06-22 10:46:01', '2022-06-22 10:48:19'), (283, 'App\\Models\\User', 3, 'auth_token', '2ee335a3b2cbebddbad610e85fc15aace116908addf738166e128e4e3f3e13a0', '[\"producerRole\"]', '2022-06-22 11:09:14', '2022-06-22 10:56:49', '2022-06-22 11:09:14'), (284, 'App\\Models\\User', 3, 'auth_token', '087833b113a2f7988af6bb651a3c6c89a559a8d71e6ee4f14d5efffc4f793442', '[\"producerRole\"]', '2022-06-22 11:16:55', '2022-06-22 11:01:37', '2022-06-22 11:16:55'), (285, 'App\\Models\\User', 3, 'auth_token', '0cdb36a1a315181c3a14a5b94f0f09fe8306bcabd0ceea2b32778956adf5a146', '[\"producerRole\"]', '2022-06-22 11:47:25', '2022-06-22 11:39:13', '2022-06-22 11:47:25'), (286, 'App\\Models\\User', 3, 'auth_token', 'e67417d79f5d10080f2dab2af1824a9d971285e0757c9529e6d28abe39f3eda5', '[\"producerRole\"]', '2022-06-22 11:58:47', '2022-06-22 11:47:46', '2022-06-22 11:58:47'), (287, 'App\\Models\\User', 3, 'auth_token', '7b793b94f78c1d16c7fecfe29ae13a0defcb981e8ae4db078450046412a37847', '[\"producerRole\"]', '2022-06-22 11:49:17', '2022-06-22 11:49:16', '2022-06-22 11:49:17'), (288, 'App\\Models\\User', 3, 'auth_token', '698edc1d81c851280ff15374f394f213a50e4a0d629954d305ebdda5244273a3', '[\"producerRole\"]', '2022-06-22 19:03:46', '2022-06-22 18:59:48', '2022-06-22 19:03:46'), (289, 'App\\Models\\User', 3, 'auth_token', '6037c739e4ec49ea541bb1172b0887f3eb96dfaf938ba29f2145bd8246e515d4', '[\"producerRole\"]', '2022-06-22 19:23:55', '2022-06-22 19:14:58', '2022-06-22 19:23:55'), (290, 'App\\Models\\User', 3, 'auth_token', 'f34849c815baa8d4c02d58fa2e04124f883b216c62b67507c92b5f0465643977', '[\"producerRole\"]', '2022-06-22 20:03:54', '2022-06-22 19:36:45', '2022-06-22 20:03:54'), (291, 'App\\Models\\User', 3, 'auth_token', '7eacd9c52eeca1756cf89a922d58f098e909750887d60dcab0bafc232ae16d1a', '[\"producerRole\"]', '2022-06-22 19:46:13', '2022-06-22 19:45:59', '2022-06-22 19:46:13'), (292, 'App\\Models\\User', 3, 'auth_token', 'e2031503de0da09f54b81d9804718ede74b0843e8bb69e776e158f3651ab17a7', '[\"producerRole\"]', '2022-06-22 19:52:42', '2022-06-22 19:51:52', '2022-06-22 19:52:42'), (293, 'App\\Models\\User', 3, 'auth_token', 'b37023fc0784d62cd78a1282388dd82cc799c2b42ccb9b4fa2bf2d1278e05262', '[\"producerRole\"]', '2022-06-22 19:54:49', '2022-06-22 19:53:51', '2022-06-22 19:54:49'), (294, 'App\\Models\\User', 3, 'auth_token', '83a3b75e49d8ea18503f18ef0fa2b49762be6cc45ed4a491d3d7f4ff676fb88c', '[\"producerRole\"]', '2022-06-22 19:58:14', '2022-06-22 19:55:17', '2022-06-22 19:58:14'), (295, 'App\\Models\\User', 3, 'auth_token', 'b636c4d411759bf1ab1fde7e7cdc3fccb93443d3086f20f6b77ac100b0561154', '[\"producerRole\"]', '2022-06-22 20:03:26', '2022-06-22 19:58:44', '2022-06-22 20:03:26'), (296, 'App\\Models\\User', 3, 'auth_token', 'fb6b9547bbdbc95c073f67175fc0e91398c6f46e2a672f01ffc3acb95b3e4585', '[\"producerRole\"]', '2022-06-22 20:04:31', '2022-06-22 20:04:04', '2022-06-22 20:04:31'), (297, 'App\\Models\\User', 3, 'auth_token', '0b7b151fd0935e2ef8d7da5e5e80ee41c4563484c6632d4e96c73f0372dfc21e', '[\"producerRole\"]', '2022-06-22 21:54:22', '2022-06-22 20:18:31', '2022-06-22 21:54:22'), (298, 'App\\Models\\User', 3, 'auth_token', 'f17c71e2f8ef2b0eef6869806d7af2372b528d09e968ea863ed8daa0a453513e', '[\"producerRole\"]', '2022-06-22 21:56:39', '2022-06-22 21:54:35', '2022-06-22 21:56:39');
>>>>>>> cdce64f821b0754a200067e5817d4b2c9fb7ecf8
COMMIT;

-- ----------------------------
-- Table structure for sessions
-- ----------------------------
DROP TABLE IF EXISTS `sessions`;
CREATE TABLE `sessions`  (
  `id` varchar(191) CHARACTER SET utf8mb4 COLLATE utf8mb4_unicode_ci NOT NULL,
  `user_id` bigint(20) UNSIGNED NULL DEFAULT NULL,
  `ip_address` varchar(45) CHARACTER SET utf8mb4 COLLATE utf8mb4_unicode_ci NULL DEFAULT NULL,
  `user_agent` text CHARACTER SET utf8mb4 COLLATE utf8mb4_unicode_ci NULL,
  `payload` longtext CHARACTER SET utf8mb4 COLLATE utf8mb4_unicode_ci NOT NULL,
  `last_activity` int(11) NOT NULL,
  PRIMARY KEY (`id`) USING BTREE,
  INDEX `sessions_user_id_index`(`user_id`) USING BTREE,
  INDEX `sessions_last_activity_index`(`last_activity`) USING BTREE
) ENGINE = InnoDB CHARACTER SET = utf8mb4 COLLATE = utf8mb4_unicode_ci;

-- ----------------------------
-- Records of sessions
-- ----------------------------
BEGIN;
<<<<<<< HEAD
INSERT INTO `sessions` VALUES ('cfaSXU75TsZh9pfSXBWx7GOSG8hNyKPIyRIWK9EC', 6, '10.10.13.130', 'Mozilla/5.0 (Windows NT 10.0; Win64; x64) AppleWebKit/537.36 (KHTML, like Gecko) Chrome/103.0.0.0 Safari/537.36', 'YTo2OntzOjY6Il90b2tlbiI7czo0MDoiUzZ2R2c1SzNKWGVwcEVqSExtTjBpc20zMnIwck85YklaQjhFWXIwTiI7czozOiJ1cmwiO2E6MDp7fXM6OToiX3ByZXZpb3VzIjthOjE6e3M6MzoidXJsIjtzOjUxOiJodHRwOi8vMTAuMTAuMTMuMTMwOjgwMDAvZGFzaGJvYXJkL3Byb2R1Y2VyL3Byb2ZpbGUiO31zOjY6Il9mbGFzaCI7YToyOntzOjM6Im9sZCI7YTowOnt9czozOiJuZXciO2E6MDp7fX1zOjUwOiJsb2dpbl93ZWJfNTliYTM2YWRkYzJiMmY5NDAxNTgwZjAxNGM3ZjU4ZWE0ZTMwOTg5ZCI7aTo2O3M6MTc6InBhc3N3b3JkX2hhc2hfd2ViIjtzOjYwOiIkMnkkMTAkWHVteHVXakJkTzQydjI5SkdyWi5FdU1ZYkUzRS9Ya29IRy5xQTJINWkxVVguSTNxZFhsd2kiO30=', 1657486621), ('E9PaYJEd3JgZTfY3tXS5akWIP31nojYO9KR2rUfo', 1, '10.10.13.130', 'Mozilla/5.0 (Windows NT 10.0; Win64; x64) AppleWebKit/537.36 (KHTML, like Gecko) Chrome/103.0.0.0 Safari/537.36', 'YTo1OntzOjY6Il90b2tlbiI7czo0MDoia3JMY2pjT25DMGpjS1pVVGtSV0JVckRGS0dKZ2JLUXdHejBrbU1WUyI7czo5OiJfcHJldmlvdXMiO2E6MTp7czozOiJ1cmwiO3M6NjQ6Imh0dHA6Ly8xMC4xMC4xMy4xMzA6ODAwMC9kYXNoYm9hcmQvd29ya2VyL2FwcGxpY2F0aW9ucy9kZXRhaWwvODEiO31zOjY6Il9mbGFzaCI7YToyOntzOjM6Im9sZCI7YTowOnt9czozOiJuZXciO2E6MDp7fX1zOjUwOiJsb2dpbl93ZWJfNTliYTM2YWRkYzJiMmY5NDAxNTgwZjAxNGM3ZjU4ZWE0ZTMwOTg5ZCI7aToxO3M6MTc6InBhc3N3b3JkX2hhc2hfd2ViIjtzOjYwOiIkMnkkMTAkOXNoczIwMTdkYWEveEpIVW9ZVGRGT256TjdqMUtyRnhsczhxWUFuU3pYM3U3eUpzMmFqdlMiO30=', 1657474651), ('Q94a6NQNF2rJc6v8uuTcz2wfuO5xA3TQYDV8EATS', 6, '10.10.13.130', 'Mozilla/5.0 (Windows NT 10.0; Win64; x64) AppleWebKit/537.36 (KHTML, like Gecko) Chrome/103.0.0.0 Safari/537.36', 'YTo2OntzOjY6Il90b2tlbiI7czo0MDoiQXpKQzBRRW9pc1VQVDdqektBR1JuSExwakFwQ1NaNGxQcmdOQkFNNSI7czozOiJ1cmwiO2E6MDp7fXM6OToiX3ByZXZpb3VzIjthOjE6e3M6MzoidXJsIjtzOjM0OiJodHRwOi8vMTAuMTAuMTMuMTMwOjgwMDAvZGFzaGJvYXJkIjt9czo2OiJfZmxhc2giO2E6Mjp7czozOiJvbGQiO2E6MDp7fXM6MzoibmV3IjthOjA6e319czo1MDoibG9naW5fd2ViXzU5YmEzNmFkZGMyYjJmOTQwMTU4MGYwMTRjN2Y1OGVhNGUzMDk4OWQiO2k6NjtzOjE3OiJwYXNzd29yZF9oYXNoX3dlYiI7czo2MDoiJDJ5JDEwJFh1bXh1V2pCZE80MnYyOUpHclouRXVNWWJFM0UvWGtvSEcucUEySDVpMVVYLkkzcWRYbHdpIjt9', 1657474320);
=======
INSERT INTO `sessions` VALUES ('ARgxCgFzvMZTUGVZ4OhQs4myZNXziVj8anpuS5mh', 3, '127.0.0.1', 'Mozilla/5.0 (Windows NT 10.0; Win64; x64) AppleWebKit/537.36 (KHTML, like Gecko) Chrome/102.0.0.0 Safari/537.36', 'YTo1OntzOjY6Il90b2tlbiI7czo0MDoiZ2dXMzhyT3JuZ2NDN1VqSktZZ0dKSENpSW05U0p1SFBiVE1ZbWJXMyI7czo5OiJfcHJldmlvdXMiO2E6MTp7czozOiJ1cmwiO3M6MzE6Imh0dHA6Ly8xMjcuMC4wLjE6ODAwMC9kYXNoYm9hcmQiO31zOjY6Il9mbGFzaCI7YToyOntzOjM6Im9sZCI7YTowOnt9czozOiJuZXciO2E6MDp7fX1zOjUwOiJsb2dpbl93ZWJfNTliYTM2YWRkYzJiMmY5NDAxNTgwZjAxNGM3ZjU4ZWE0ZTMwOTg5ZCI7aTozO3M6MTc6InBhc3N3b3JkX2hhc2hfd2ViIjtzOjYwOiIkMnkkMTAkWHVteHVXakJkTzQydjI5SkdyWi5FdU1ZYkUzRS9Ya29IRy5xQTJINWkxVVguSTNxZFhsd2kiO30=', 1656027900), ('FrQK9Skx4rr1cYN6uObPj5kpKKNyEbB08Zq65fkQ', 1, '127.0.0.1', 'Mozilla/5.0 (Windows NT 10.0; Win64; x64) AppleWebKit/537.36 (KHTML, like Gecko) Chrome/102.0.0.0 Safari/537.36', 'YTo1OntzOjY6Il90b2tlbiI7czo0MDoiVTdHRGJtdHptM1hia2h1OUxSZW9lMlVocDVTUFVuRzBNRnJrWjZVWiI7czo5OiJfcHJldmlvdXMiO2E6MTp7czozOiJ1cmwiO3M6NDk6Imh0dHA6Ly8xMjcuMC4wLjE6ODAwMC9kYXNoYm9hcmQvY2hhdC9mYXZvdXJpdGVzLzMiO31zOjY6Il9mbGFzaCI7YToyOntzOjM6Im9sZCI7YTowOnt9czozOiJuZXciO2E6MDp7fX1zOjUwOiJsb2dpbl93ZWJfNTliYTM2YWRkYzJiMmY5NDAxNTgwZjAxNGM3ZjU4ZWE0ZTMwOTg5ZCI7aToxO3M6MTc6InBhc3N3b3JkX2hhc2hfd2ViIjtzOjYwOiIkMnkkMTAkOXNoczIwMTdkYWEveEpIVW9ZVGRGT256TjdqMUtyRnhsczhxWUFuU3pYM3U3eUpzMmFqdlMiO30=', 1656027892);
>>>>>>> cdce64f821b0754a200067e5817d4b2c9fb7ecf8
COMMIT;

-- ----------------------------
-- Table structure for users
-- ----------------------------
DROP TABLE IF EXISTS `users`;
CREATE TABLE `users`  (
  `id` bigint(20) UNSIGNED NOT NULL AUTO_INCREMENT,
  `email` varchar(191) CHARACTER SET utf8mb4 COLLATE utf8mb4_unicode_ci NOT NULL,
  `email_verified_at` timestamp(0) NULL DEFAULT NULL,
  `password` varchar(191) CHARACTER SET utf8mb4 COLLATE utf8mb4_unicode_ci NOT NULL,
  `role` enum('producer','worker') CHARACTER SET utf8mb4 COLLATE utf8mb4_unicode_ci NOT NULL,
  `avatar` varchar(191) CHARACTER SET utf8mb4 COLLATE utf8mb4_unicode_ci NOT NULL DEFAULT 'default.png',
  `family_name` varchar(191) CHARACTER SET utf8mb4 COLLATE utf8mb4_unicode_ci NOT NULL,
  `name` varchar(191) CHARACTER SET utf8mb4 COLLATE utf8mb4_unicode_ci NOT NULL,
  `nickname` varchar(191) CHARACTER SET utf8mb4 COLLATE utf8mb4_unicode_ci NULL DEFAULT NULL,
  `gender` enum('man','woman') CHARACTER SET utf8mb4 COLLATE utf8mb4_unicode_ci NULL DEFAULT NULL,
  `birthday` date NULL DEFAULT NULL,
  `post_number` varchar(191) CHARACTER SET utf8mb4 COLLATE utf8mb4_unicode_ci NOT NULL,
  `prefectures` varchar(191) CHARACTER SET utf8mb4 COLLATE utf8mb4_unicode_ci NOT NULL,
  `city` varchar(191) CHARACTER SET utf8mb4 COLLATE utf8mb4_unicode_ci NOT NULL,
  `address` varchar(191) CHARACTER SET utf8mb4 COLLATE utf8mb4_unicode_ci NOT NULL,
  `contact_address` varchar(191) CHARACTER SET utf8mb4 COLLATE utf8mb4_unicode_ci NULL DEFAULT NULL,
  `cell_phone` varchar(191) CHARACTER SET utf8mb4 COLLATE utf8mb4_unicode_ci NULL DEFAULT NULL,
  `emergency_phone` varchar(191) CHARACTER SET utf8mb4 COLLATE utf8mb4_unicode_ci NULL DEFAULT NULL,
  `emergency_relation` varchar(191) CHARACTER SET utf8mb4 COLLATE utf8mb4_unicode_ci NULL DEFAULT NULL,
  `job` varchar(191) CHARACTER SET utf8mb4 COLLATE utf8mb4_unicode_ci NULL DEFAULT NULL,
  `bio` varchar(191) CHARACTER SET utf8mb4 COLLATE utf8mb4_unicode_ci NULL DEFAULT NULL,
  `appeal_point` varchar(191) CHARACTER SET utf8mb4 COLLATE utf8mb4_unicode_ci NULL DEFAULT NULL,
  `management_mode` enum('individual','corporation','other') CHARACTER SET utf8mb4 COLLATE utf8mb4_unicode_ci NOT NULL DEFAULT 'individual',
  `agency_name` varchar(191) CHARACTER SET utf8mb4 COLLATE utf8mb4_unicode_ci NULL DEFAULT NULL,
  `agency_phone` varchar(191) CHARACTER SET utf8mb4 COLLATE utf8mb4_unicode_ci NULL DEFAULT NULL,
  `insurance` tinyint(1) NULL DEFAULT NULL,
  `other_insurance` varchar(191) CHARACTER SET utf8mb4 COLLATE utf8mb4_unicode_ci NULL DEFAULT NULL,
  `product_name` varchar(191) CHARACTER SET utf8mb4 COLLATE utf8mb4_unicode_ci NULL DEFAULT NULL,
  `created_at` timestamp(0) NULL DEFAULT NULL,
  `updated_at` timestamp(0) NULL DEFAULT NULL,
  PRIMARY KEY (`id`) USING BTREE,
  UNIQUE INDEX `users_email_unique`(`email`) USING BTREE
) ENGINE = InnoDB AUTO_INCREMENT = 11 CHARACTER SET = utf8mb4 COLLATE = utf8mb4_unicode_ci;

-- ----------------------------
-- Records of users
-- ----------------------------
BEGIN;
<<<<<<< HEAD
INSERT INTO `users` VALUES (1, 'worker@gmail.com', NULL, '$2y$10$9shs2017daa/xJHUoYTdFOnzN7j1KrFxls8qYAnSzX3u7yJs2ajvS', 'worker', '1657185193.png', '南　未来子123', 'みなみ　みきこ', 'MIRAKO', 'woman', '1987-09-29', '6520047', '28', '神戸市兵庫区 下沢通', '65-22201', NULL, '090-456-444', '090-999-000', '夫', '会社員', 'みかんの収穫手伝い2～3回', '農業はほぼ未経験ですが、丁寧に作業しますのでよろしくお願いします。', 'individual', NULL, NULL, 0, NULL, NULL, '2022-06-07 14:50:38', '2022-07-07 18:13:13'), (2, 'hideaki.mikitani@outlook.com', NULL, '$2y$10$v42.grpmOf5tsDYyYCRay.vH8JvR26fqp8OYFWTyySqzh9.XTV3lS', 'worker', 'default.png', 'Hideaki', 'Mikitani', 'Doremi', 'man', '1996-06-24', '6520044', '28', '神戸市兵庫区 大井通', '1-64', NULL, '999-2451-00', '999-0073-11', 'Sister', 'developer', 'みかんの収穫手伝い2～3回', '農業はほぼ未経験ですが、丁寧に作業しますのでよろしくお願いします。', 'individual', NULL, NULL, 0, NULL, NULL, '2022-06-07 14:54:39', '2022-06-07 14:54:39'), (3, 'producer1@gmail.com', NULL, '$2y$10$XumxuWjBdO42v29JGrZ.EuMYbE3E/XkoHG.qA2H5i1UX.I3qdXlwi', 'producer', '62b310dac277c.jpg', 'DOREMI農園1', 'えるぴーでぃのうえん111', NULL, NULL, '1970-01-01', '6520047', '28', '神戸市兵庫区 下沢通', '12-4555', '999-111-2222', NULL, NULL, NULL, NULL, NULL, '広大な敷地で農業体験をしてみませんか。', 'corporation', '大窪　一輝', '33-555-7777', 1, NULL, '苺5ha', '2022-06-07 14:57:49', '2022-06-28 11:49:10'), (5, 'futureko0605@gmail.com', NULL, '$2y$10$ZkBkzm3pwagQsbtziucYKOMPPyb8XuzSDEncVbPzkP8JpiZXQXdTe', 'worker', 'default.png', '南　未来子', 'みなみ　みきこ', 'MIRAKO', 'woman', '1986-04-25', '892-0871', '46', '鹿児島市 吉野町', '5555', NULL, '090-5555-5555', '090-6666-6666', '夫', '会社員', 'みかんの収穫手伝い', '農業は未経験ですが興味があります。是非色々教えて下さい。宜しくお願い致します。', 'individual', NULL, NULL, 0, NULL, NULL, '2022-06-27 11:17:38', '2022-06-27 11:17:38'), (6, 'producer@gmail.com', NULL, '$2y$10$XumxuWjBdO42v29JGrZ.EuMYbE3E/XkoHG.qA2H5i1UX.I3qdXlwi', 'producer', '62cb3d0fbe54c.jpg', 'LPD農園', 'えるぴーでぃのうえん', NULL, NULL, '1970-01-01', '892-0871', '46', '鹿児島市 吉野町', '1111', '090-1111-1111', NULL, NULL, NULL, NULL, NULL, '広大な敷地で農業体験をしてみませんか。', 'individual', '南　太郎', '090-1111-1111', 1, NULL, 'じゃがいも1ha', '2022-06-27 11:47:32', '2022-07-11 05:56:47'), (7, 'lpd_010@lifepd.ecweb.jp', NULL, '$2y$10$1M8DKxmSvcwRnwLQjXCh2.LxypAGQE1NgOIUPJuv94jamoSP2coZC', 'worker', 'default.png', '高橋　澄子', 'たかはし　すみこ', 'すみちゃん', 'woman', '2000-01-01', '892-0871', '46', '鹿児島市 吉野町', '1111-1', NULL, '090-1111-1112', '090-1111-1113', '主人', '会社員', 'イチゴの収穫体験', '農業は未経験です。頑張りますのでよろしくお願いいたします。', 'individual', NULL, NULL, 0, NULL, NULL, '2022-06-27 12:04:52', '2022-06-27 12:04:52'), (8, 'nose@lifepd.ecweb.jp', NULL, '$2y$10$Mj/ZYOaXZDnvfzPalggnUuTH0hbWS0z.jZi9ObM/IcjCPV9CcGoR.', 'producer', 'default.png', '鹿児島農園㈱', 'かごしまのうえんかぶしきかいしゃ', NULL, NULL, NULL, '890-0008', '46', '鹿児島市 伊敷', '1111', '099-999-9999', NULL, NULL, NULL, NULL, NULL, '農作物の収穫や出荷準備のお手伝いを募集しております。農業体験をされたい方のお手伝いも歓迎します！', 'corporation', '南　太郎', '090-9999-9999', 1, NULL, 'じゃがいも等野菜類1ha、ビニールハウス3棟', '2022-07-04 09:12:58', '2022-07-04 09:12:58'), (9, 'nose-2@lifepd.ecweb.jp', NULL, '$2y$10$6pk5K29m4xJ4bkU4NOOnNe50cFCc/tnfJzjNt.5DDPJ52Z1TWZHiW', 'worker', 'default.png', '南　みきこ', 'みなみ　みきこ', 'みき', 'man', '1986-04-25', '890-0007', '46', '鹿児島市 伊敷台', '1111', NULL, '090-8888-8888', '090-7777-7777', '主人', '会社員', 'いちご収穫体験、芋ほり体験', '農業は未経験ですが、興味があります！いろいろと教えてください！', 'individual', NULL, NULL, 0, NULL, NULL, '2022-07-04 09:15:51', '2022-07-04 09:15:51'), (10, 'kubozono@lifepd.ecweb.jp', NULL, '$2y$10$R31neOu9LSz5GuCa3poKk.O6xxR9jJOG8p6LiQrjlYCPUcU7Oq/bm', 'worker', 'default.png', '久保園しおり', '久保園しおり', 'たかはっしー', 'man', '2000-01-01', '892-0871', '46', '鹿児島市 吉野町', '5555', NULL, '08091076715', '090-4444-4444', '主人', '会社員', '稲刈り手伝い', 'ガーデニングが好きです。よろしくお願いします。', 'individual', NULL, NULL, 0, NULL, NULL, '2022-07-04 11:48:05', '2022-07-04 11:48:05');
=======
INSERT INTO `users` VALUES (1, 'worker@gmail.com', NULL, '$2y$10$9shs2017daa/xJHUoYTdFOnzN7j1KrFxls8qYAnSzX3u7yJs2ajvS', 'worker', '62abc63f2cf90.jpg', '南　未来子123', 'みなみ　みきこ', 'MIRAKO', 'woman', '1987-09-29', '6520047', '28', '神戸市兵庫区 下沢通', '65-22201', NULL, '090-456-444', '090-999-000', '夫', '会社員', 'みかんの収穫手伝い2～3回', '農業はほぼ未経験ですが、丁寧に作業しますのでよろしくお願いします。', 'individual', NULL, NULL, 0, NULL, NULL, '2022-06-07 14:50:38', '2022-06-17 09:09:35'), (2, 'hideaki.mikitani@outlook.com', NULL, '$2y$10$v42.grpmOf5tsDYyYCRay.vH8JvR26fqp8OYFWTyySqzh9.XTV3lS', 'worker', 'default.png', 'Hideaki', 'Mikitani', 'Doremi', 'man', '1996-06-24', '6520044', '28', '神戸市兵庫区 大井通', '1-64', NULL, '999-2451-00', '999-0073-11', 'Sister', 'developer', 'みかんの収穫手伝い2～3回', '農業はほぼ未経験ですが、丁寧に作業しますのでよろしくお願いします。', 'individual', NULL, NULL, 0, NULL, NULL, '2022-06-07 14:54:39', '2022-06-07 14:54:39'), (3, 'producer@gmail.com', NULL, '$2y$10$XumxuWjBdO42v29JGrZ.EuMYbE3E/XkoHG.qA2H5i1UX.I3qdXlwi', 'producer', '62b310dac277c.jpg', 'ＬＰＤ農園1', 'えるぴーでぃのうえん111', NULL, NULL, '1970-01-01', '6520047', '28', '神戸市兵庫区 下沢通', '12-4555', '999-111-2222', NULL, NULL, NULL, NULL, NULL, '広大な敷地で農業体験をしてみませんか。', 'corporation', '大窪　一輝', '33-555-7777', 1, NULL, '苺5ha', '2022-06-07 14:57:49', '2022-06-22 21:53:46'), (4, 'ivan.popov@gmail.com', NULL, '$2y$10$3KG/Igo5wEPfl7TxRQEjg.SebYPgeDkqdlwRvHyo1yTSY7O1e51KK', 'worker', 'default.png', 'ivan', 'popov', 'admiral', 'man', '2021-05-13', '6520044', '28', '神戸市兵庫区 大井通', 'address1', NULL, '555-5555', '666-6666', 'sister', 'developer', 'I have full experience of full-stack development', 'My purpose is to let customer to be glad', 'individual', NULL, NULL, 0, NULL, NULL, '2022-06-14 14:18:20', '2022-06-14 14:18:20');
>>>>>>> cdce64f821b0754a200067e5817d4b2c9fb7ecf8
COMMIT;

SET FOREIGN_KEY_CHECKS = 1;
